chr1	100270000	100280000	chr1	100500000	100510000	17.132492499999998
chr1	101380000	101390000	chr1	101750000	101760000	22.92524975
chr1	10560000	10570000	chr1	10930000	10940000	14.272236750000001
chr1	10565000	10570000	chr1	11000000	11005000	19.425234
chr1	108325000	108330000	chr1	108665000	108670000	33.05951
chr1	109360000	109370000	chr1	109650000	109660000	10.509140299999999
chr1	109790000	109800000	chr1	110070000	110080000	12.185437250000001
chr1	109805000	109810000	chr1	109940000	109945000	43.92803
chr1	110080000	110090000	chr1	110520000	110530000	8.83787545
chr1	110085000	110090000	chr1	110315000	110320000	25.506306
chr1	110315000	110320000	chr1	110525000	110530000	36.49388
chr1	110745000	110750000	chr1	110995000	111000000	35.992603
chr1	111070000	111080000	chr1	111320000	111330000	13.79737525
chr1	111170000	111180000	chr1	111320000	111330000	19.836981249999997
chr1	111170000	111180000	chr1	111520000	111530000	10.9725865
chr1	111760000	111770000	chr1	111930000	111940000	20.0915605
chr1	112020000	112030000	chr1	112200000	112210000	21.115924749999998
chr1	112020000	112030000	chr1	112290000	112300000	22.5053195
chr1	112050000	112060000	chr1	112190000	112200000	29.74458475
chr1	112930000	112935000	chr1	113250000	113255000	24.22289
chr1	112930000	112940000	chr1	113150000	113160000	17.78088925
chr1	113040000	113050000	chr1	113250000	113260000	11.547909749999999
chr1	113260000	113270000	chr1	113580000	113590000	12.9694395
chr1	113350000	113360000	chr1	113580000	113590000	18.39066125
chr1	113420000	113425000	chr1	113580000	113585000	33.047203
chr1	113680000	113690000	chr1	114220000	114230000	15.896279999999999
chr1	114890000	114900000	chr1	115100000	115110000	14.242932
chr1	115680000	115685000	chr1	116135000	116140000	16.92852
chr1	115680000	115690000	chr1	116000000	116010000	15.8584235
chr1	116150000	116160000	chr1	116310000	116320000	16.839496
chr1	116675000	116680000	chr1	117040000	117045000	26.665152
chr1	117120000	117130000	chr1	117590000	117600000	11.087913000000002
chr1	117280000	117290000	chr1	117590000	117600000	14.375036999999999
chr1	118060000	118070000	chr1	118290000	118300000	19.59567125
chr1	118075000	118080000	chr1	118210000	118215000	29.43748
chr1	120340000	120350000	chr1	120510000	120520000	15.904362249999998
chr1	12375000	12380000	chr1	12720000	12725000	25.526594
chr1	13990000	14000000	chr1	14150000	14160000	17.58519675
chr1	14150000	14160000	chr1	14280000	14290000	18.84841475
chr1	144930000	144935000	chr1	145065000	145070000	14.768825
chr1	145420000	145425000	chr1	145585000	145590000	35.823177
chr1	147110000	147120000	chr1	147360000	147370000	18.1079575
chr1	147190000	147200000	chr1	147360000	147370000	25.468190250000003
chr1	149930000	149935000	chr1	150145000	150150000	30.9356
chr1	150530000	150540000	chr1	150780000	150790000	16.761539000000003
chr1	152020000	152030000	chr1	152410000	152420000	15.25855975
chr1	152030000	152035000	chr1	152155000	152160000	32.563698
chr1	152160000	152170000	chr1	152420000	152430000	26.200736999999997
chr1	152830000	152840000	chr1	153160000	153170000	21.60026175
chr1	153325000	153330000	chr1	153475000	153480000	31.131033
chr1	153480000	153490000	chr1	153740000	153750000	13.30676575
chr1	153640000	153650000	chr1	153950000	153960000	14.454581375
chr1	153770000	153780000	chr1	153950000	153960000	23.056814000000003
chr1	154160000	154170000	chr1	154310000	154320000	17.693223
chr1	154320000	154330000	chr1	154510000	154520000	14.097578249999998
chr1	15440000	15450000	chr1	15750000	15760000	9.1366475
chr1	15450000	15460000	chr1	15610000	15620000	19.981367749999997
chr1	154530000	154540000	chr1	154720000	154730000	20.9581275
chr1	154550000	154560000	chr1	154910000	154920000	14.963415500000002
chr1	154630000	154640000	chr1	154850000	154860000	17.40453725
chr1	155900000	155910000	chr1	156030000	156040000	25.43104125
chr1	156690000	156700000	chr1	156850000	156860000	19.80493575
chr1	156910000	156920000	chr1	157040000	157050000	20.089457250000002
chr1	157130000	157140000	chr1	157460000	157470000	21.30743475
chr1	157160000	157165000	chr1	157460000	157465000	33.30144
chr1	157270000	157280000	chr1	157460000	157470000	20.3158855
chr1	157930000	157940000	chr1	158090000	158100000	31.875338999999997
chr1	159760000	159770000	chr1	159970000	159980000	27.0285935
chr1	160060000	160070000	chr1	160340000	160350000	12.379371749999999
chr1	160160000	160170000	chr1	160350000	160360000	15.983642
chr1	160390000	160395000	chr1	160575000	160580000	37.735245
chr1	160390000	160395000	chr1	160650000	160655000	17.815662
chr1	16110000	16120000	chr1	16320000	16330000	21.62534125
chr1	161190000	161200000	chr1	161350000	161360000	24.52892525
chr1	162020000	162030000	chr1	162240000	162250000	20.50042975
chr1	162810000	162820000	chr1	163280000	163290000	14.4496485
chr1	162820000	162830000	chr1	163150000	163160000	14.15958775
chr1	16335000	16340000	chr1	16510000	16515000	22.901686
chr1	16405000	16410000	chr1	16570000	16575000	36.44949
chr1	165360000	165365000	chr1	165565000	165570000	21.911379
chr1	165360000	165370000	chr1	165880000	165890000	10.054799749999999
chr1	165565000	165570000	chr1	165880000	165885000	21.782396
chr1	165685000	165690000	chr1	165880000	165885000	33.176506
chr1	166880000	166885000	chr1	167025000	167030000	28.307352
chr1	167035000	167040000	chr1	167410000	167415000	24.609083
chr1	167035000	167040000	chr1	167495000	167500000	17.712463
chr1	167230000	167235000	chr1	167410000	167415000	18.991919
chr1	167235000	167240000	chr1	167495000	167500000	18.026358
chr1	168410000	168420000	chr1	168550000	168560000	20.088340000000002
chr1	171610000	171620000	chr1	171950000	171960000	12.404966
chr1	171770000	171780000	chr1	171950000	171960000	16.504225625
chr1	172180000	172190000	chr1	172600000	172610000	7.48102675
chr1	172410000	172420000	chr1	172680000	172690000	14.152623749999998
chr1	172710000	172715000	chr1	173170000	173175000	25.853117
chr1	173220000	173230000	chr1	173380000	173390000	18.593307000000003
chr1	174220000	174230000	chr1	174700000	174710000	16.11486475
chr1	174730000	174740000	chr1	175090000	175100000	10.15893175
chr1	174735000	174740000	chr1	174965000	174970000	26.324642
chr1	175120000	175125000	chr1	175290000	175295000	40.22523
chr1	176525000	176530000	chr1	176850000	176855000	24.38346
chr1	178500000	178510000	chr1	178720000	178730000	16.3196395
chr1	178500000	178510000	chr1	178970000	178980000	10.17251275
chr1	178730000	178740000	chr1	178970000	178980000	16.479888625
chr1	179670000	179680000	chr1	180140000	180150000	11.507271874999999
chr1	179830000	179840000	chr1	180140000	180150000	15.027494
chr1	180150000	180160000	chr1	180380000	180390000	13.0223575
chr1	180150000	180160000	chr1	180450000	180460000	12.7041705
chr1	180220000	180225000	chr1	180385000	180390000	21.805649
chr1	180220000	180230000	chr1	180440000	180450000	17.3186945
chr1	180500000	180510000	chr1	180820000	180830000	19.902891750000002
chr1	180850000	180855000	chr1	181120000	181125000	19.849926
chr1	181155000	181160000	chr1	181390000	181395000	25.87502
chr1	182050000	182060000	chr1	182360000	182370000	15.856122375000002
chr1	182050000	182060000	chr1	182570000	182580000	8.438392925
chr1	182110000	182115000	chr1	182365000	182370000	35.030197
chr1	18240000	18250000	chr1	18420000	18430000	13.78442675
chr1	182410000	182420000	chr1	182750000	182760000	13.41137125
chr1	182565000	182570000	chr1	182755000	182760000	36.898365
chr1	184050000	184060000	chr1	184190000	184200000	10.78475135
chr1	184770000	184780000	chr1	185130000	185140000	13.53126925
chr1	184775000	184780000	chr1	184940000	184945000	23.12462
chr1	18925000	18930000	chr1	19145000	19150000	30.71371
chr1	18925000	18930000	chr1	19190000	19195000	24.51257
chr1	19660000	19670000	chr1	19970000	19980000	20.07061175
chr1	19715000	19720000	chr1	19905000	19910000	25.54974
chr1	197490000	197500000	chr1	197890000	197900000	15.5345835
chr1	200590000	200595000	chr1	200770000	200775000	45.024364
chr1	200940000	200950000	chr1	201080000	201090000	15.45873525
chr1	201520000	201530000	chr1	201750000	201760000	17.89399
chr1	201525000	201530000	chr1	201670000	201675000	54.969418
chr1	201855000	201860000	chr1	202090000	202095000	15.396706
chr1	202155000	202160000	chr1	202285000	202290000	33.31499
chr1	202160000	202170000	chr1	202680000	202690000	15.90984125
chr1	20240000	20245000	chr1	20480000	20485000	23.26135
chr1	202430000	202440000	chr1	202560000	202570000	23.095409000000004
chr1	203000000	203005000	chr1	203185000	203190000	23.756857
chr1	203240000	203250000	chr1	203450000	203460000	14.17476175
chr1	203305000	203310000	chr1	203450000	203455000	24.346806
chr1	203470000	203475000	chr1	203670000	203675000	34.32185
chr1	203830000	203835000	chr1	204095000	204100000	30.574179
chr1	204130000	204140000	chr1	204330000	204340000	21.5279955
chr1	204140000	204150000	chr1	204470000	204480000	8.745501149999999
chr1	204180000	204185000	chr1	204330000	204335000	30.56476
chr1	204535000	204540000	chr1	204775000	204780000	30.420902
chr1	204780000	204790000	chr1	204910000	204920000	18.545340625
chr1	204945000	204950000	chr1	205225000	205230000	17.899868
chr1	20530000	20540000	chr1	20820000	20830000	13.80296
chr1	205550000	205560000	chr1	205680000	205690000	16.13803625
chr1	205760000	205770000	chr1	206230000	206240000	10.46773325
chr1	206650000	206660000	chr1	207080000	207090000	9.476528575
chr1	206900000	206905000	chr1	207085000	207090000	17.137787
chr1	206900000	206905000	chr1	207155000	207160000	17.21196
chr1	207260000	207265000	chr1	207570000	207575000	20.961838
chr1	207980000	207990000	chr1	208150000	208160000	11.67137625
chr1	208190000	208195000	chr1	208415000	208420000	23.48092
chr1	21025000	21030000	chr1	21520000	21525000	29.059706
chr1	210320000	210330000	chr1	210820000	210830000	10.8016853
chr1	211490000	211500000	chr1	211820000	211830000	8.576900925
chr1	211690000	211695000	chr1	211825000	211830000	27.362814
chr1	211870000	211880000	chr1	212010000	212020000	16.7593605
chr1	212240000	212250000	chr1	212620000	212630000	14.693975
chr1	212250000	212260000	chr1	212460000	212470000	20.372613
chr1	212630000	212640000	chr1	213160000	213170000	8.272945875
chr1	212840000	212850000	chr1	213160000	213170000	13.16594
chr1	2130000	2135000	chr1	2315000	2320000	27.589659
chr1	214375000	214380000	chr1	214500000	214505000	19.55338
chr1	21560000	21565000	chr1	21690000	21695000	39.082005
chr1	21690000	21700000	chr1	21980000	21990000	10.144377925
chr1	21830000	21840000	chr1	21980000	21990000	17.748471375
chr1	221040000	221050000	chr1	221370000	221380000	16.19481625
chr1	222635000	222640000	chr1	222805000	222810000	22.188902
chr1	223885000	223890000	chr1	224230000	224235000	13.571531
chr1	224300000	224310000	chr1	224510000	224520000	17.5057345
chr1	22450000	22460000	chr1	22970000	22980000	9.95052115
chr1	22455000	22460000	chr1	22740000	22745000	26.09888
chr1	224705000	224710000	chr1	225035000	225040000	18.510988
chr1	225660000	225670000	chr1	225960000	225970000	15.351094
chr1	225665000	225670000	chr1	226165000	226170000	17.310762
chr1	226820000	226825000	chr1	227015000	227020000	33.219067
chr1	22740000	22745000	chr1	22970000	22975000	26.380991
chr1	227420000	227430000	chr1	227610000	227620000	17.03761475
chr1	227650000	227660000	chr1	228140000	228150000	10.51290925
chr1	227940000	227950000	chr1	228140000	228150000	19.39862275
chr1	227970000	227980000	chr1	228120000	228130000	22.019207
chr1	229390000	229400000	chr1	229610000	229620000	24.646728749999998
chr1	22990000	23000000	chr1	23260000	23270000	17.130561750000002
chr1	230930000	230940000	chr1	231340000	231350000	15.666162
chr1	231040000	231050000	chr1	231340000	231350000	15.029472499999999
chr1	231495000	231500000	chr1	231720000	231725000	25.175632
chr1	23300000	23305000	chr1	23510000	23515000	25.924028
chr1	234240000	234250000	chr1	234440000	234450000	12.4758235
chr1	2345000	2350000	chr1	2480000	2485000	36.903435
chr1	234640000	234650000	chr1	235000000	235010000	9.720314575
chr1	234740000	234750000	chr1	235010000	235020000	12.48823375
chr1	235400000	235410000	chr1	235570000	235580000	19.7351945
chr1	236270000	236275000	chr1	236655000	236660000	29.701742
chr1	241770000	241780000	chr1	242000000	242010000	19.59797
chr1	241770000	241780000	chr1	242150000	242160000	9.76711875
chr1	241800000	241810000	chr1	241990000	242000000	19.093176
chr1	244180000	244190000	chr1	244430000	244440000	13.920862874999997
chr1	244765000	244770000	chr1	244955000	244960000	29.840216
chr1	244960000	244970000	chr1	245200000	245210000	15.989120250000001
chr1	24525000	24530000	chr1	24715000	24720000	54.841152
chr1	246160000	246170000	chr1	246610000	246620000	11.151904125000001
chr1	246170000	246180000	chr1	246440000	246450000	15.026626749999998
chr1	246650000	246660000	chr1	246850000	246860000	12.94103125
chr1	246660000	246670000	chr1	246910000	246920000	14.467369625
chr1	25005000	25010000	chr1	25150000	25155000	36.291344
chr1	25170000	25175000	chr1	25430000	25435000	17.26875
chr1	25170000	25180000	chr1	25360000	25370000	18.022191
chr1	25935000	25940000	chr1	26120000	26125000	28.191454
chr1	26920000	26930000	chr1	27200000	27210000	21.49076525
chr1	26930000	26935000	chr1	27115000	27120000	33.5473
chr1	27425000	27430000	chr1	27610000	27615000	39.48697
chr1	27425000	27430000	chr1	27715000	27720000	18.06695
chr1	27620000	27630000	chr1	27930000	27940000	12.707882750000001
chr1	27725000	27730000	chr1	27930000	27935000	30.4559
chr1	28180000	28190000	chr1	28530000	28540000	11.1377395
chr1	28730000	28740000	chr1	28930000	28940000	16.37645825
chr1	28970000	28980000	chr1	29200000	29210000	13.50925275
chr1	29100000	29110000	chr1	29530000	29540000	9.13663675
chr1	29110000	29120000	chr1	29350000	29360000	10.379275374999999
chr1	29200000	29205000	chr1	29530000	29535000	23.100578
chr1	2920000	2930000	chr1	3340000	3350000	16.91071075
chr1	29205000	29210000	chr1	29360000	29365000	40.14157
chr1	31195000	31200000	chr1	31385000	31390000	26.690283
chr1	32120000	32130000	chr1	32250000	32260000	21.90668475
chr1	32980000	32990000	chr1	33330000	33340000	10.84582725
chr1	33390000	33400000	chr1	33520000	33530000	24.087039500000003
chr1	33760000	33765000	chr1	33920000	33925000	29.836569
chr1	36030000	36035000	chr1	36185000	36190000	30.433905
chr1	36030000	36035000	chr1	36235000	36240000	31.030476
chr1	37920000	37925000	chr1	38145000	38150000	21.25392
chr1	39070000	39080000	chr1	39280000	39290000	24.7973675
chr1	39560000	39565000	chr1	39725000	39730000	30.019878
chr1	40285000	40290000	chr1	40435000	40440000	26.184303
chr1	40610000	40620000	chr1	40870000	40880000	20.598974499999997
chr1	41080000	41090000	chr1	41310000	41320000	17.10316525
chr1	41240000	41250000	chr1	41410000	41420000	18.197985
chr1	41730000	41735000	chr1	41895000	41900000	32.899788
chr1	43240000	43245000	chr1	43535000	43540000	30.517902
chr1	43240000	43250000	chr1	43380000	43390000	19.104601000000002
chr1	43385000	43390000	chr1	43530000	43535000	26.780897
chr1	43690000	43695000	chr1	43880000	43885000	38.584965
chr1	43990000	44000000	chr1	44400000	44410000	16.816767249999998
chr1	44235000	44240000	chr1	44400000	44405000	31.084166
chr1	44840000	44845000	chr1	45060000	45065000	30.41569
chr1	45470000	45480000	chr1	45960000	45970000	7.285897275
chr1	45475000	45480000	chr1	45765000	45770000	31.617317
chr1	45810000	45820000	chr1	46030000	46040000	10.744292125000001
chr1	45815000	45820000	chr1	45955000	45960000	26.355913
chr1	46500000	46505000	chr1	46645000	46650000	57.6398
chr1	46910000	46920000	chr1	47190000	47200000	12.88730475
chr1	47640000	47650000	chr1	47890000	47900000	10.113292125000001
chr1	47990000	48000000	chr1	48180000	48190000	16.90303025
chr1	51240000	51250000	chr1	51650000	51660000	11.305002775
chr1	51800000	51810000	chr1	52000000	52010000	11.55392325
chr1	52090000	52100000	chr1	52230000	52240000	19.324653
chr1	52600000	52610000	chr1	52760000	52770000	20.70261975
chr1	52860000	52870000	chr1	53140000	53150000	14.39548425
chr1	53360000	53370000	chr1	53650000	53660000	12.89948225
chr1	54790000	54800000	chr1	54950000	54960000	17.94451375
chr1	5560000	5570000	chr1	5800000	5810000	15.583468
chr1	55605000	55610000	chr1	55740000	55745000	42.717342
chr1	58980000	58990000	chr1	59110000	59120000	18.167519
chr1	6110000	6120000	chr1	6300000	6310000	17.630090250000002
chr1	6110000	6120000	chr1	6400000	6410000	9.6108745
chr1	62640000	62650000	chr1	62870000	62880000	24.04729975
chr1	62990000	63000000	chr1	63210000	63220000	23.34133025
chr1	6305000	6310000	chr1	6465000	6470000	26.18651
chr1	6450000	6455000	chr1	6615000	6620000	24.039433
chr1	65530000	65540000	chr1	65670000	65680000	18.90640725
chr1	65680000	65690000	chr1	66150000	66160000	14.645863375
chr1	65700000	65710000	chr1	65870000	65880000	16.67157825
chr1	65890000	65900000	chr1	66150000	66160000	15.414255750000002
chr1	66180000	66190000	chr1	66700000	66710000	9.6129505
chr1	66430000	66440000	chr1	66700000	66710000	20.747078
chr1	67225000	67230000	chr1	67610000	67615000	19.168898
chr1	67460000	67470000	chr1	67610000	67620000	26.962826500000002
chr1	67690000	67700000	chr1	67950000	67960000	12.99695975
chr1	6780000	6790000	chr1	6950000	6960000	17.006940750000002
chr1	6780000	6790000	chr1	7270000	7280000	11.272987500000001
chr1	67810000	67820000	chr1	67960000	67970000	25.662115
chr1	67995000	68000000	chr1	68225000	68230000	38.162018
chr1	68310000	68320000	chr1	68570000	68580000	20.9052375
chr1	68320000	68330000	chr1	68460000	68470000	20.203833
chr1	68585000	68590000	chr1	68805000	68810000	26.020687
chr1	70590000	70600000	chr1	70970000	70980000	12.215602125
chr1	70990000	70995000	chr1	71510000	71515000	16.125223
chr1	7720000	7730000	chr1	8070000	8080000	8.866322775
chr1	7730000	7740000	chr1	7960000	7970000	16.67585225
chr1	8080000	8085000	chr1	8370000	8375000	33.785656
chr1	84390000	84400000	chr1	84580000	84590000	20.638928749999998
chr1	84905000	84910000	chr1	85215000	85220000	23.829655
chr1	85410000	85420000	chr1	85720000	85730000	11.1302106
chr1	85580000	85590000	chr1	85720000	85730000	19.04277625
chr1	8620000	8625000	chr1	8910000	8915000	24.399977
chr1	87290000	87300000	chr1	87550000	87560000	13.672346124999999
chr1	89960000	89970000	chr1	90220000	90230000	13.378658925
chr1	90090000	90100000	chr1	90220000	90230000	21.83609825
chr1	90270000	90275000	chr1	90455000	90460000	26.513515
chr1	90270000	90280000	chr1	90410000	90420000	25.83841625
chr1	91995000	92000000	chr1	92390000	92395000	26.515491
chr1	92770000	92780000	chr1	93060000	93070000	21.00855625
chr1	93315000	93320000	chr1	93455000	93460000	39.00611
chr1	9340000	9350000	chr1	9510000	9520000	29.096348499999998
chr1	9345000	9350000	chr1	9550000	9555000	45.675606
chr1	93900000	93910000	chr1	94070000	94080000	19.682066499999998
chr1	93900000	93910000	chr1	94300000	94310000	17.67763625
chr1	94090000	94100000	chr1	94280000	94290000	26.363002249999997
chr1	94520000	94530000	chr1	94800000	94810000	18.1924065
chr1	94990000	95000000	chr1	95270000	95280000	18.33037725
chr1	95320000	95325000	chr1	95505000	95510000	29.338493
chr1	9680000	9690000	chr1	9920000	9930000	12.08249875
chr1	9930000	9940000	chr1	10090000	10100000	16.673267000000003
chr1	110175000	110200000	chr1	110300000	110325000	27.805346119999996
chr1	204525000	204550000	chr1	204725000	204750000	18.28456234
chr1	212650000	212675000	chr1	212775000	212800000	16.035153939999997
chr1	47000000	47025000	chr1	47175000	47200000	14.479044432
chr1	40600000	40625000	chr1	40775000	40800000	18.43986
chr1	47900000	47925000	chr1	48175000	48200000	13.613414383999999
chr1	161450000	161475000	chr1	161700000	161725000	19.33167584
chr1	111325000	111350000	chr1	111525000	111550000	15.202079880000001
chr1	211850000	211875000	chr1	212100000	212125000	12.250385308
chr1	31650000	31675000	chr1	31875000	31900000	13.931651879999999
chr1	110175000	110200000	chr1	110525000	110550000	10.29265196
chr1	206775000	206800000	chr1	207075000	207100000	9.549833868
chr1	225950000	225975000	chr1	226150000	226175000	10.386877176
chr1	179050000	179075000	chr1	179325000	179350000	10.956647408000002
chr1	35900000	35925000	chr1	36175000	36200000	8.640957236000002
chr1	44550000	44575000	chr1	44775000	44800000	10.681442444000002
chr1	222950000	222975000	chr1	223250000	223275000	11.317195928
chr1	44675000	44700000	chr1	45050000	45075000	8.051808688
chr1	54575000	54600000	chr1	54950000	54975000	9.218880552
chr1	206650000	206675000	chr1	206975000	207000000	6.485506555999999
chr1	200250000	200275000	chr1	200450000	200475000	11.674510692000002
chr1	16400000	16425000	chr1	16675000	16700000	9.13863554
chr1	16925000	16950000	chr1	17350000	17375000	5.797056935999999
chr1	45250000	45275000	chr1	45750000	45775000	9.156083812
chr1	110575000	110600000	chr1	111000000	111025000	6.535369072
chr1	61425000	61450000	chr1	61900000	61925000	9.397158624
chr1	39550000	39575000	chr1	40000000	40025000	8.021359824
chr1	12350000	12375000	chr1	12825000	12850000	10.008804032
chr1	41075000	41100000	chr1	41400000	41425000	9.630061020000001
chr1	241675000	241700000	chr1	242000000	242025000	9.154455948000003
chr1	52250000	52275000	chr1	52450000	52475000	8.724070819999998
chr1	71125000	71150000	chr1	71500000	71525000	8.792159704
chr1	160800000	160825000	chr1	161050000	161075000	8.264389764
chr1	183875000	183900000	chr1	184175000	184200000	7.519443015999999
chr1	150525000	150550000	chr1	150950000	150975000	9.189814276
chr1	224300000	224325000	chr1	224625000	224650000	7.751022228000002
chr1	31650000	31675000	chr1	32000000	32025000	8.100476996
chr1	91175000	91200000	chr1	91425000	91450000	12.401027976000002
chr1	181425000	181450000	chr1	181900000	181925000	9.483496832
chr1	165100000	165125000	chr1	165325000	165350000	9.4104745
chr1	158625000	158650000	chr1	158950000	158975000	10.971952903999998
chr1	66175000	66200000	chr1	66400000	66425000	9.523477796000002
chr1	183250000	183275000	chr1	183575000	183600000	8.884813972
chr1	42800000	42825000	chr1	43200000	43225000	5.9904576039999995
chr1	12175000	12200000	chr1	12700000	12725000	5.836308947999999
chr1	175000000	175025000	chr1	175275000	175300000	7.453578675999999
chr1	100950000	100975000	chr1	101325000	101350000	7.910029208
chr1	14000000	14025000	chr1	14275000	14300000	7.949382288000001
chr1	51325000	51350000	chr1	51650000	51675000	9.064287716
chr1	153475000	153500000	chr1	153950000	153975000	6.108656583999999
chr1	51225000	51250000	chr1	51500000	51525000	8.566213288
chr1	203825000	203850000	chr1	204325000	204350000	5.405854892
chr1	24525000	24550000	chr1	24950000	24975000	7.678661170833333
chr1	111050000	111075000	chr1	111525000	111550000	5.104284156
chr1	55125000	55150000	chr1	55450000	55475000	5.177406988
chr1	84600000	84625000	chr1	84875000	84900000	8.937871416
chr1	165350000	165375000	chr1	165675000	165700000	5.677228672
chr1	50825000	50850000	chr1	51050000	51075000	8.289992727999998
chr1	85775000	85800000	chr1	86025000	86050000	7.22708896
chr1	91175000	91200000	chr1	91600000	91625000	7.771981576000001
chr1	75700000	75725000	chr1	76050000	76075000	9.791694952
chr1	180900000	180925000	chr1	181375000	181400000	4.6779904624999995
chr1	202425000	202450000	chr1	202675000	202700000	11.672734332000003
chr1	185775000	185800000	chr1	186175000	186200000	9.888918856
chr1	33750000	33775000	chr1	34075000	34100000	6.314406041666668
chr1	34575000	34600000	chr1	35050000	35075000	6.8266485999999995
chr1	68300000	68325000	chr1	68800000	68825000	6.534497392000002
chr1	94500000	94525000	chr1	94925000	94950000	9.141756915999999
chr1	66700000	66725000	chr1	66900000	66925000	13.299723176
chr1	118050000	118075000	chr1	118425000	118450000	7.0388786880000005
chr1	176325000	176350000	chr1	176800000	176825000	7.325365276
chr1	28975000	29000000	chr1	29500000	29525000	4.043767427999999
chr1	43025000	43050000	chr1	43525000	43550000	6.160803959999999
chr1	150425000	150450000	chr1	150775000	150800000	8.040649576
chr1	196275000	196300000	chr1	196625000	196650000	8.131500564
chr1	84375000	84400000	chr1	84875000	84900000	6.5438991679999985
chr1	210025000	210050000	chr1	210450000	210475000	5.505243468
chr1	176325000	176350000	chr1	176650000	176675000	7.032221523999999
chr1	75225000	75250000	chr1	75650000	75675000	8.329155612000001
chr1	47625000	47650000	chr1	48150000	48175000	3.2997725395833335
chr1	67450000	67475000	chr1	67950000	67975000	5.083018572000001
chr1	85750000	85775000	chr1	86150000	86175000	5.743539563999999
chr1	196125000	196150000	chr1	196625000	196650000	6.4666833695652155
chr1	48550000	48575000	chr1	48950000	48975000	5.312202223999999
chr1	48225000	48250000	chr1	48650000	48675000	4.326032478399999
chr1	99625000	99650000	chr1	100150000	100175000	7.153862152
chr1	25725000	25750000	chr1	26125000	26150000	7.266074104
chr1	195850000	195875000	chr1	196275000	196300000	5.807840934782609
chr1	25600000	25625000	chr1	25825000	25850000	8.709700839130436
chr1	78600000	78625000	chr1	79125000	79150000	8.30220835
chr1	157125000	157150000	chr1	157650000	157675000	4.68678926521739
chr1	209725000	209750000	chr1	210150000	210175000	3.6403399899999997
chr2	101210000	101220000	chr2	101600000	101610000	12.744131249999999
chr2	102620000	102630000	chr2	102780000	102790000	15.329934000000002
chr2	102635000	102640000	chr2	102855000	102860000	22.522154
chr2	102640000	102650000	chr2	103060000	103070000	8.4902505
chr2	10270000	10280000	chr2	10550000	10560000	9.519892174999999
chr2	102850000	102860000	chr2	103050000	103060000	9.9053795
chr2	105725000	105730000	chr2	105855000	105860000	17.059729
chr2	10590000	10600000	chr2	10790000	10800000	11.3483235
chr2	105985000	105990000	chr2	106140000	106145000	30.903648
chr2	108960000	108970000	chr2	109200000	109210000	11.640655425000002
chr2	10975000	10980000	chr2	11260000	11265000	22.585403
chr2	11270000	11275000	chr2	11720000	11725000	17.529804
chr2	11270000	11280000	chr2	11550000	11560000	16.057987125
chr2	113500000	113510000	chr2	113700000	113710000	14.855947749999999
chr2	119970000	119980000	chr2	120230000	120240000	6.714696849999999
chr2	120450000	120460000	chr2	120930000	120940000	9.7246131
chr2	120860000	120870000	chr2	121060000	121070000	8.10967675
chr2	121450000	121455000	chr2	121835000	121840000	20.193228
chr2	122150000	122160000	chr2	122500000	122510000	8.96996325
chr2	122280000	122290000	chr2	122490000	122500000	11.9405185
chr2	127280000	127290000	chr2	127530000	127540000	12.362236
chr2	127950000	127960000	chr2	128200000	128210000	10.35043825
chr2	130910000	130920000	chr2	131090000	131100000	12.471563750000001
chr2	134870000	134880000	chr2	135000000	135010000	16.126973
chr2	136670000	136680000	chr2	137140000	137150000	7.91100325
chr2	138700000	138705000	chr2	138855000	138860000	16.512064
chr2	153040000	153050000	chr2	153480000	153490000	10.349083425
chr2	158350000	158360000	chr2	158860000	158870000	10.276513
chr2	158635000	158640000	chr2	158860000	158865000	22.15021
chr2	159760000	159770000	chr2	159970000	159980000	10.2205453
chr2	159760000	159770000	chr2	160040000	160050000	6.851242825
chr2	16700000	16710000	chr2	16930000	16940000	8.061780825
chr2	16790000	16800000	chr2	16930000	16940000	24.99318425
chr2	169200000	169210000	chr2	169560000	169570000	9.87845375
chr2	16950000	16960000	chr2	17490000	17500000	11.21755625
chr2	169630000	169640000	chr2	169780000	169790000	11.21597715
chr2	169800000	169810000	chr2	170070000	170080000	8.453333749999999
chr2	169820000	169830000	chr2	169960000	169970000	12.73820525
chr2	169960000	169970000	chr2	170250000	170260000	7.283578524999999
chr2	171220000	171230000	chr2	171670000	171680000	13.780152999999999
chr2	171820000	171830000	chr2	172270000	172280000	8.575992325
chr2	172440000	172450000	chr2	172970000	172980000	9.0089215
chr2	172560000	172565000	chr2	172970000	172975000	20.051752
chr2	172670000	172680000	chr2	172970000	172980000	13.857049
chr2	173035000	173040000	chr2	173325000	173330000	20.097994
chr2	173890000	173895000	chr2	174075000	174080000	20.43097
chr2	175020000	175030000	chr2	175190000	175200000	12.31525375
chr2	175320000	175330000	chr2	175540000	175550000	7.874560825
chr2	175640000	175650000	chr2	175840000	175850000	9.111278
chr2	176990000	176995000	chr2	177500000	177505000	15.322679
chr2	177000000	177010000	chr2	177320000	177330000	13.5179465
chr2	177000000	177010000	chr2	177410000	177420000	8.87771375
chr2	178030000	178035000	chr2	178195000	178200000	19.686928
chr2	178030000	178040000	chr2	178280000	178290000	8.215894899999999
chr2	178190000	178200000	chr2	178620000	178630000	8.095083475
chr2	178200000	178210000	chr2	178460000	178470000	6.5516671
chr2	178200000	178210000	chr2	178590000	178600000	8.705085250000002
chr2	178970000	178980000	chr2	179280000	179290000	9.335356749999999
chr2	183050000	183055000	chr2	183515000	183520000	12.503817
chr2	190950000	190960000	chr2	191140000	191150000	12.17351675
chr2	192670000	192680000	chr2	193020000	193030000	13.46290075
chr2	196990000	197000000	chr2	197140000	197150000	16.15010675
chr2	198660000	198670000	chr2	198990000	199000000	13.71547325
chr2	198660000	198670000	chr2	199160000	199170000	10.408541750000001
chr2	200845000	200850000	chr2	201335000	201340000	24.334929
chr2	20150000	20155000	chr2	20295000	20300000	23.162111
chr2	201770000	201780000	chr2	202040000	202050000	16.856702249999998
chr2	20640000	20645000	chr2	20835000	20840000	28.973476
chr2	208610000	208620000	chr2	208900000	208910000	15.35282225
chr2	210840000	210850000	chr2	211060000	211070000	17.587551
chr2	217385000	217390000	chr2	217525000	217530000	28.45584
chr2	218650000	218655000	chr2	218850000	218855000	30.529652
chr2	220265000	220270000	chr2	220390000	220395000	22.051228
chr2	223550000	223560000	chr2	223770000	223780000	17.232101
chr2	225220000	225230000	chr2	225510000	225520000	13.97831825
chr2	232090000	232100000	chr2	232310000	232320000	16.18514675
chr2	232780000	232790000	chr2	233000000	233010000	18.48115975
chr2	236500000	236510000	chr2	236650000	236660000	13.85126425
chr2	236680000	236690000	chr2	237090000	237100000	12.17467575
chr2	241170000	241175000	chr2	241375000	241380000	29.896421
chr2	242680000	242690000	chr2	242810000	242820000	22.767087749999998
chr2	24630000	24640000	chr2	25040000	25050000	12.84724175
chr2	25195000	25200000	chr2	25345000	25350000	17.240057
chr2	26170000	26175000	chr2	26365000	26370000	24.240093
chr2	26210000	26215000	chr2	26365000	26370000	25.98118
chr2	26830000	26835000	chr2	26965000	26970000	26.595459
chr2	27060000	27070000	chr2	27240000	27250000	12.5188
chr2	27325000	27330000	chr2	27500000	27505000	18.777714
chr2	29040000	29050000	chr2	29170000	29180000	16.93177825
chr2	29180000	29185000	chr2	29415000	29420000	22.000319
chr2	30930000	30940000	chr2	31390000	31400000	10.361886425
chr2	37620000	37630000	chr2	38100000	38110000	15.301328999999999
chr2	37630000	37640000	chr2	38050000	38060000	13.37790975
chr2	38540000	38545000	chr2	38735000	38740000	18.449308
chr2	38540000	38550000	chr2	38960000	38970000	7.02441725
chr2	39290000	39300000	chr2	39440000	39450000	14.948448249999998
chr2	42095000	42100000	chr2	42310000	42315000	28.21774
chr2	42320000	42330000	chr2	42460000	42470000	15.589959749999998
chr2	43050000	43060000	chr2	43250000	43260000	9.087783400000001
chr2	43070000	43080000	chr2	43450000	43460000	8.020270625
chr2	43180000	43190000	chr2	43720000	43730000	8.3226999
chr2	43200000	43210000	chr2	43450000	43460000	12.455083875
chr2	43250000	43255000	chr2	43455000	43460000	15.363829
chr2	43360000	43370000	chr2	43710000	43720000	10.314833575
chr2	43450000	43460000	chr2	43700000	43710000	11.05565175
chr2	45210000	45215000	chr2	45720000	45725000	21.47304
chr2	45870000	45880000	chr2	46000000	46010000	13.18565225
chr2	45870000	45880000	chr2	46160000	46170000	12.802930750000002
chr2	46215000	46220000	chr2	46685000	46690000	13.76282
chr2	46680000	46690000	chr2	47110000	47120000	6.300324825000001
chr2	46685000	46690000	chr2	46875000	46880000	14.761293
chr2	46880000	46890000	chr2	47110000	47120000	14.5837545
chr2	47215000	47220000	chr2	47550000	47555000	18.671377
chr2	48080000	48090000	chr2	48330000	48340000	11.264435825
chr2	48330000	48340000	chr2	48540000	48550000	10.3183226
chr2	48330000	48340000	chr2	48640000	48650000	13.462886075
chr2	55120000	55130000	chr2	55400000	55410000	12.960703625
chr2	60935000	60940000	chr2	61225000	61230000	17.279129
chr2	61030000	61040000	chr2	61220000	61230000	14.7695665
chr2	62140000	62150000	chr2	62630000	62640000	10.722470825
chr2	62215000	62220000	chr2	62635000	62640000	14.544804
chr2	62685000	62690000	chr2	63000000	63005000	19.861624
chr2	63920000	63930000	chr2	64080000	64090000	14.531142
chr2	64270000	64280000	chr2	64550000	64560000	12.22819275
chr2	64555000	64560000	chr2	64710000	64715000	19.693405
chr2	64820000	64830000	chr2	65090000	65100000	18.9594935
chr2	64870000	64880000	chr2	65060000	65070000	12.936245
chr2	65290000	65300000	chr2	65800000	65810000	5.62053215
chr2	65480000	65490000	chr2	65780000	65790000	12.24687275
chr2	66650000	66660000	chr2	66800000	66810000	17.9496515
chr2	68700000	68710000	chr2	69140000	69150000	8.4365215
chr2	68710000	68720000	chr2	68930000	68940000	14.14238
chr2	69260000	69270000	chr2	69520000	69530000	11.95170975
chr2	69790000	69795000	chr2	69940000	69945000	24.356728
chr2	69950000	69960000	chr2	70130000	70140000	10.93281225
chr2	70140000	70150000	chr2	70290000	70300000	17.8642735
chr2	70140000	70150000	chr2	70370000	70380000	12.37345725
chr2	70530000	70540000	chr2	70870000	70880000	15.95954575
chr2	70880000	70890000	chr2	71010000	71020000	16.8411905
chr2	71380000	71385000	chr2	71730000	71735000	11.627861
chr2	71525000	71530000	chr2	71740000	71745000	20.582045
chr2	71770000	71780000	chr2	72010000	72020000	10.090813125
chr2	73120000	73130000	chr2	73400000	73410000	11.893305250000001
chr2	73210000	73220000	chr2	73380000	73390000	12.575445875000002
chr2	74470000	74480000	chr2	74620000	74630000	12.4677195
chr2	74930000	74940000	chr2	75100000	75110000	15.7378365
chr2	7560000	7570000	chr2	7810000	7820000	8.807460175
chr2	84720000	84730000	chr2	85080000	85090000	10.0557586
chr2	85290000	85300000	chr2	85510000	85520000	13.66618325
chr2	85645000	85650000	chr2	85785000	85790000	28.006605
chr2	86055000	86060000	chr2	86305000	86310000	25.401165
chr2	8665000	8670000	chr2	8825000	8830000	22.999624
chr2	9280000	9290000	chr2	9510000	9520000	15.18892725
chr2	96790000	96800000	chr2	97160000	97170000	8.43596185
chr2	99020000	99030000	chr2	99180000	99190000	13.3565845
chr2	99260000	99270000	chr2	99450000	99460000	14.933771499999999
chr2	9940000	9950000	chr2	10180000	10190000	12.05329675
chr2	10400000	10425000	chr2	10550000	10575000	12.739900019999999
chr2	68950000	68975000	chr2	69125000	69150000	10.368663628
chr2	112650000	112675000	chr2	112775000	112800000	14.655463839999998
chr2	128075000	128100000	chr2	128200000	128225000	13.828975940000003
chr2	28800000	28825000	chr2	28975000	29000000	10.677528912
chr2	121875000	121900000	chr2	122075000	122100000	8.963953724
chr2	6950000	6975000	chr2	7150000	7175000	8.071708336000002
chr2	10200000	10225000	chr2	10550000	10575000	7.34916848
chr2	43825000	43850000	chr2	44100000	44125000	7.304740003999999
chr2	113875000	113900000	chr2	114125000	114150000	9.98951154
chr2	19550000	19575000	chr2	20050000	20075000	5.047247360000001
chr2	37000000	37025000	chr2	37225000	37250000	6.672011472000003
chr2	197175000	197200000	chr2	197300000	197325000	10.2372772
chr2	232750000	232775000	chr2	233150000	233175000	8.527162447999999
chr2	134850000	134875000	chr2	135175000	135200000	5.741094544000003
chr2	174900000	174925000	chr2	175200000	175225000	6.071164307999998
chr2	88475000	88500000	chr2	88725000	88750000	6.482790988
chr2	55975000	56000000	chr2	56175000	56200000	10.286654296000002
chr2	167025000	167050000	chr2	167275000	167300000	6.797670192000002
chr2	103075000	103100000	chr2	103300000	103325000	7.254124968
chr2	176525000	176550000	chr2	176950000	176975000	6.199143504
chr2	198050000	198075000	chr2	198225000	198250000	9.705563916
chr2	192400000	192425000	chr2	192650000	192675000	7.976822104000002
chr2	38200000	38225000	chr2	38475000	38500000	7.200090748
chr2	72025000	72050000	chr2	72350000	72375000	6.2210153120000005
chr2	121100000	121125000	chr2	121425000	121450000	6.992043095999999
chr2	135200000	135225000	chr2	135650000	135675000	6.374229084000001
chr2	112875000	112900000	chr2	113325000	113350000	6.519852984000002
chr2	42725000	42750000	chr2	43000000	43025000	5.880002148
chr2	64275000	64300000	chr2	64700000	64725000	4.864046408000001
chr2	65125000	65150000	chr2	65375000	65400000	4.357443454
chr2	238050000	238075000	chr2	238475000	238500000	7.3291249
chr2	202650000	202675000	chr2	203025000	203050000	7.893392312000002
chr2	27050000	27075000	chr2	27500000	27525000	4.190489884
chr2	152325000	152350000	chr2	152850000	152875000	5.04165656
chr2	206625000	206650000	chr2	206775000	206800000	10.239962612
chr2	69950000	69975000	chr2	70250000	70275000	3.5129020639999995
chr2	70125000	70150000	chr2	70500000	70525000	6.004990024
chr2	158350000	158375000	chr2	158600000	158625000	5.024701211999999
chr2	42075000	42100000	chr2	42425000	42450000	5.059325956
chr2	70525000	70550000	chr2	71000000	71025000	4.904541279999999
chr2	97200000	97225000	chr2	97625000	97650000	4.881353844000001
chr2	36575000	36600000	chr2	36875000	36900000	7.154755868
chr2	219725000	219750000	chr2	219975000	220000000	6.7811311640000005
chr2	106700000	106725000	chr2	107150000	107175000	6.627069951999999
chr2	120150000	120175000	chr2	120400000	120425000	5.013470784000001
chr2	217550000	217575000	chr2	218025000	218050000	6.869032832
chr2	75125000	75150000	chr2	75450000	75475000	5.893194916
chr2	197975000	198000000	chr2	198225000	198250000	8.522104156000001
chr2	203450000	203475000	chr2	203650000	203675000	8.377322851999999
chr2	26150000	26175000	chr2	26675000	26700000	3.8258477039999996
chr2	136225000	136250000	chr2	136450000	136475000	5.951581184000002
chr2	72375000	72400000	chr2	72800000	72825000	6.5869741720000015
chr2	219900000	219925000	chr2	220175000	220200000	7.260722488
chr2	16950000	16975000	chr2	17350000	17375000	4.671430664
chr2	174725000	174750000	chr2	175200000	175225000	4.263115308
chr2	54725000	54750000	chr2	55050000	55075000	3.871864584
chr2	228250000	228275000	chr2	228625000	228650000	6.556919828
chr2	238750000	238775000	chr2	239150000	239175000	6.629155096
chr2	180700000	180725000	chr2	180925000	180950000	4.978576468
chr2	196975000	197000000	chr2	197300000	197325000	6.684866863999999
chr2	216300000	216325000	chr2	216775000	216800000	7.548878491999997
chr2	224850000	224875000	chr2	225125000	225150000	9.213302420833335
chr2	231950000	231975000	chr2	232300000	232325000	7.268763608
chr2	18025000	18050000	chr2	18350000	18375000	5.566377287999999
chr2	29050000	29075000	chr2	29425000	29450000	4.180622243999999
chr2	100325000	100350000	chr2	100850000	100875000	4.4652004000000005
chr2	148725000	148750000	chr2	148950000	148975000	6.605973507999998
chr2	127000000	127025000	chr2	127525000	127550000	3.965500584000001
chr2	20300000	20325000	chr2	20825000	20850000	2.348632982
chr2	208475000	208500000	chr2	208875000	208900000	4.597606985600001
chr2	205175000	205200000	chr2	205550000	205575000	8.49437904090909
chr2	18025000	18050000	chr2	18550000	18575000	5.327102625
chr2	119625000	119650000	chr2	120050000	120075000	3.7163045160000006
chr2	152450000	152475000	chr2	152850000	152875000	8.660816584210528
chr2	44250000	44275000	chr2	44700000	44725000	4.359367152173913
chr2	55925000	55950000	chr2	56350000	56375000	4.647847525
chr2	99000000	99025000	chr2	99450000	99475000	4.162001075
chr2	120950000	120975000	chr2	121425000	121450000	3.339877056666666
chr2	99250000	99275000	chr2	99675000	99700000	5.2083416541666665
chr2	24025000	24050000	chr2	24375000	24400000	4.474670916666667
chr2	217075000	217100000	chr2	217525000	217550000	3.5896556272727267
chr2	127950000	127975000	chr2	128400000	128425000	3.6601910120000003
chr2	122725000	122750000	chr2	123200000	123225000	3.944322024347826
chr2	190950000	190975000	chr2	191375000	191400000	3.8117211626086958
chr2	241800000	241825000	chr2	242125000	242150000	5.656091883333332
chr2	75125000	75150000	chr2	75625000	75650000	4.132593154
chr2	105725000	105750000	chr2	106150000	106175000	2.9589648391304353
chr2	225200000	225225000	chr2	225625000	225650000	5.810233725000001
chr2	109300000	109325000	chr2	109600000	109625000	3.126062867999999
chr2	132150000	132175000	chr2	132425000	132450000	6.006283632000001
chr3	101525000	101530000	chr3	101940000	101945000	16.030542
chr3	10795000	10800000	chr3	11100000	11105000	15.982136
chr3	112360000	112370000	chr3	112690000	112700000	12.847428
chr3	112770000	112780000	chr3	113000000	113010000	11.550233500000001
chr3	11420000	11430000	chr3	11690000	11700000	13.12852925
chr3	118600000	118605000	chr3	118815000	118820000	27.569315
chr3	118600000	118610000	chr3	118750000	118760000	18.314911000000002
chr3	119960000	119970000	chr3	120270000	120280000	9.134674975000001
chr3	120280000	120290000	chr3	120510000	120520000	15.503803249999999
chr3	12175000	12180000	chr3	12520000	12525000	20.976988
chr3	123040000	123050000	chr3	123200000	123210000	12.566944000000001
chr3	123040000	123050000	chr3	123270000	123280000	9.43385525
chr3	124280000	124285000	chr3	124405000	124410000	32.328053
chr3	124480000	124485000	chr3	124620000	124625000	29.3941
chr3	126470000	126480000	chr3	126690000	126700000	14.2310616
chr3	12750000	12760000	chr3	12930000	12940000	7.4256097500000005
chr3	128680000	128690000	chr3	128810000	128820000	13.445376625000002
chr3	129200000	129210000	chr3	129540000	129550000	10.929545125
chr3	129350000	129360000	chr3	129640000	129650000	9.79355975
chr3	129370000	129380000	chr3	129540000	129550000	15.809450250000001
chr3	130480000	130490000	chr3	130610000	130620000	15.875645249999998
chr3	13140000	13150000	chr3	13680000	13690000	5.4005911499999995
chr3	134020000	134030000	chr3	134190000	134200000	15.892412999999998
chr3	13540000	13545000	chr3	13690000	13695000	28.133999
chr3	13540000	13550000	chr3	13920000	13930000	4.395145725
chr3	136475000	136480000	chr3	136730000	136735000	22.905958
chr3	13700000	13705000	chr3	13925000	13930000	15.954691
chr3	138410000	138420000	chr3	138630000	138640000	12.529064275
chr3	138820000	138830000	chr3	139040000	139050000	12.24468675
chr3	140710000	140720000	chr3	140910000	140920000	8.97768965
chr3	141020000	141030000	chr3	141280000	141290000	10.904196249999998
chr3	141025000	141030000	chr3	141175000	141180000	21.108515
chr3	141740000	141745000	chr3	141995000	142000000	13.1719055
chr3	141840000	141850000	chr3	141990000	142000000	14.348185125
chr3	142300000	142310000	chr3	142530000	142540000	11.548575125
chr3	142300000	142310000	chr3	142710000	142720000	9.091003725
chr3	14240000	14250000	chr3	14500000	14510000	12.14299275
chr3	142540000	142550000	chr3	142710000	142720000	14.8034285
chr3	14300000	14305000	chr3	14500000	14505000	14.5587225
chr3	146060000	146070000	chr3	146300000	146310000	10.84700475
chr3	14835000	14840000	chr3	14960000	14965000	20.153196
chr3	148670000	148675000	chr3	148990000	148995000	16.238386
chr3	148830000	148835000	chr3	148990000	148995000	20.050398
chr3	149945000	149950000	chr3	150210000	150215000	12.874207
chr3	150430000	150440000	chr3	150580000	150590000	12.58135875
chr3	151150000	151160000	chr3	151630000	151640000	10.37576275
chr3	15150000	15160000	chr3	15420000	15430000	7.1393174749999995
chr3	15150000	15160000	chr3	15590000	15600000	7.3956712499999995
chr3	151900000	151910000	chr3	152160000	152170000	9.474436350000001
chr3	155870000	155880000	chr3	156090000	156100000	10.741432074999999
chr3	155870000	155880000	chr3	156230000	156240000	8.980150250000001
chr3	15670000	15680000	chr3	15850000	15860000	9.080026725
chr3	156920000	156930000	chr3	157210000	157220000	9.449561999999998
chr3	158360000	158370000	chr3	158500000	158510000	11.552380175
chr3	158560000	158570000	chr3	158970000	158980000	14.01519475
chr3	159880000	159890000	chr3	160060000	160070000	10.64800525
chr3	16090000	16100000	chr3	16280000	16290000	9.587571575
chr3	16340000	16350000	chr3	16590000	16600000	10.555182
chr3	170900000	170910000	chr3	171280000	171290000	10.517272625
chr3	17300000	17310000	chr3	17450000	17460000	14.20354675
chr3	17470000	17480000	chr3	17880000	17890000	9.6618305
chr3	17680000	17690000	chr3	17870000	17880000	11.11105125
chr3	176910000	176915000	chr3	177070000	177075000	17.434765
chr3	178730000	178735000	chr3	179030000	179035000	20.76014
chr3	178730000	178740000	chr3	178860000	178870000	10.8037475
chr3	179050000	179060000	chr3	179270000	179280000	9.418528
chr3	182830000	182840000	chr3	183100000	183110000	12.70100275
chr3	182900000	182905000	chr3	183100000	183105000	36.031994
chr3	183185000	183190000	chr3	183480000	183485000	18.213636
chr3	183610000	183620000	chr3	183830000	183840000	12.61169975
chr3	183610000	183620000	chr3	184000000	184010000	13.207823750000001
chr3	183730000	183740000	chr3	183960000	183970000	7.081056350000001
chr3	184090000	184095000	chr3	184250000	184255000	18.417307
chr3	184280000	184285000	chr3	184490000	184495000	30.56508
chr3	185690000	185700000	chr3	185970000	185980000	12.807298249999999
chr3	186330000	186340000	chr3	186530000	186540000	11.960364250000001
chr3	186935000	186940000	chr3	187395000	187400000	14.706897
chr3	186940000	186950000	chr3	187420000	187430000	7.584460674999999
chr3	187035000	187040000	chr3	187395000	187400000	26.9747
chr3	193495000	193500000	chr3	194035000	194040000	17.1348
chr3	193500000	193510000	chr3	193840000	193850000	9.533294675
chr3	193860000	193870000	chr3	194030000	194040000	11.290690125
chr3	194050000	194060000	chr3	194300000	194310000	7.597181024999999
chr3	195750000	195755000	chr3	195925000	195930000	41.096775
chr3	195750000	195760000	chr3	196240000	196250000	9.122969825
chr3	196250000	196260000	chr3	196400000	196410000	9.534769125
chr3	32540000	32550000	chr3	32700000	32710000	15.180933750000001
chr3	32990000	32995000	chr3	33120000	33125000	15.95797
chr3	33170000	33180000	chr3	33410000	33420000	10.507860775000001
chr3	33670000	33680000	chr3	33820000	33830000	14.108885
chr3	33920000	33930000	chr3	34300000	34310000	5.116705875
chr3	33925000	33930000	chr3	34055000	34060000	14.415613
chr3	36770000	36780000	chr3	36900000	36910000	10.298371374999999
chr3	36770000	36780000	chr3	37000000	37010000	6.497673399999999
chr3	36770000	36780000	chr3	37250000	37260000	4.734577525
chr3	37490000	37500000	chr3	37810000	37820000	7.58379275
chr3	38160000	38170000	chr3	38330000	38340000	10.917735
chr3	38160000	38170000	chr3	38510000	38520000	7.441008075
chr3	38560000	38570000	chr3	38690000	38700000	10.97536165
chr3	39165000	39170000	chr3	39310000	39315000	14.348115
chr3	40230000	40235000	chr3	40355000	40360000	28.670435
chr3	41935000	41940000	chr3	42135000	42140000	18.441963
chr3	42290000	42295000	chr3	42485000	42490000	17.356232
chr3	42290000	42300000	chr3	42570000	42580000	7.16624825
chr3	4390000	4400000	chr3	4670000	4680000	12.878531875
chr3	44570000	44580000	chr3	44950000	44960000	9.90729425
chr3	45080000	45085000	chr3	45245000	45250000	20.768148
chr3	45080000	45085000	chr3	45535000	45540000	10.386244
chr3	45080000	45090000	chr3	45380000	45390000	8.44489435
chr3	45250000	45260000	chr3	45700000	45710000	4.968067825
chr3	45260000	45270000	chr3	45530000	45540000	9.1464575
chr3	45550000	45555000	chr3	45700000	45705000	20.625124
chr3	45550000	45560000	chr3	45970000	45980000	4.305384475
chr3	45790000	45800000	chr3	46120000	46130000	5.637498024999999
chr3	45795000	45800000	chr3	45970000	45975000	14.594277
chr3	45980000	45985000	chr3	46120000	46125000	18.750923
chr3	46745000	46750000	chr3	46935000	46940000	23.124697
chr3	47460000	47470000	chr3	47830000	47840000	10.231170375000001
chr3	47560000	47565000	chr3	47835000	47840000	17.799986
chr3	4760000	4765000	chr3	5100000	5105000	19.752356
chr3	4765000	4770000	chr3	5015000	5020000	14.348974
chr3	47880000	47890000	chr3	48190000	48200000	12.720871249999998
chr3	48230000	48240000	chr3	48470000	48480000	16.982598499999998
chr3	48310000	48315000	chr3	48475000	48480000	27.371058
chr3	49570000	49580000	chr3	49710000	49720000	19.403163499999998
chr3	50380000	50390000	chr3	50580000	50590000	18.055011999999998
chr3	51530000	51540000	chr3	51710000	51720000	18.1426115
chr3	52885000	52890000	chr3	53110000	53115000	19.876457
chr3	5470000	5480000	chr3	5600000	5610000	11.412167499999999
chr3	56740000	56750000	chr3	57020000	57030000	14.5859285
chr3	57990000	58000000	chr3	58150000	58160000	16.5261155
chr3	58170000	58180000	chr3	58510000	58520000	7.354106025
chr3	58310000	58320000	chr3	58510000	58520000	10.670253
chr3	59740000	59745000	chr3	60075000	60080000	26.222446
chr3	69200000	69210000	chr3	69350000	69360000	14.753952625
chr3	72710000	72720000	chr3	72870000	72880000	11.826763999999999
chr3	77085000	77090000	chr3	77300000	77305000	25.309797
chr3	9010000	9015000	chr3	9340000	9345000	21.905706
chr3	97510000	97520000	chr3	97740000	97750000	15.008322249999999
chr3	98530000	98535000	chr3	98710000	98715000	25.042183
chr3	99550000	99560000	chr3	99970000	99980000	11.741896875
chr3	99780000	99790000	chr3	99970000	99980000	15.546746875
chr3	196975000	197000000	chr3	197225000	197250000	11.668207619999999
chr3	195975000	196000000	chr3	196225000	196250000	11.802347280000001
chr3	182425000	182450000	chr3	182550000	182575000	12.936228672
chr3	14700000	14725000	chr3	14950000	14975000	6.717233180000001
chr3	183600000	183625000	chr3	183950000	183975000	9.181719256
chr3	178850000	178875000	chr3	179025000	179050000	8.846431283999998
chr3	193750000	193775000	chr3	194025000	194050000	5.988031716
chr3	170125000	170150000	chr3	170525000	170550000	9.274686872
chr3	13125000	13150000	chr3	13500000	13525000	5.567503724000002
chr3	185975000	186000000	chr3	186225000	186250000	7.9601134920000005
chr3	155075000	155100000	chr3	155400000	155425000	8.82191854
chr3	46925000	46950000	chr3	47400000	47425000	4.5855784
chr3	184575000	184600000	chr3	184875000	184900000	8.592045143999998
chr3	25675000	25700000	chr3	25875000	25900000	7.781449435999999
chr3	138650000	138675000	chr3	139025000	139050000	5.443644632000001
chr3	129975000	130000000	chr3	130225000	130250000	8.773842096
chr3	149675000	149700000	chr3	149925000	149950000	9.982001632000001
chr3	138300000	138325000	chr3	138625000	138650000	6.241960999999999
chr3	151150000	151175000	chr3	151550000	151575000	8.734183547999997
chr3	196725000	196750000	chr3	197225000	197250000	4.738817112
chr3	72000000	72025000	chr3	72300000	72325000	7.179262719999998
chr3	186550000	186575000	chr3	186850000	186875000	6.3245401679999995
chr3	149225000	149250000	chr3	149425000	149450000	8.444332655999998
chr3	170900000	170925000	chr3	171150000	171175000	6.3789198680000005
chr3	194400000	194425000	chr3	194825000	194850000	5.945215683999999
chr3	99550000	99575000	chr3	99775000	99800000	8.430722596000003
chr3	41925000	41950000	chr3	42250000	42275000	6.6940197
chr3	135625000	135650000	chr3	135750000	135775000	8.587322216
chr3	11250000	11275000	chr3	11675000	11700000	4.549042807999999
chr3	196250000	196275000	chr3	196675000	196700000	6.163321787999999
chr3	119950000	119975000	chr3	120125000	120150000	8.97080824
chr3	40225000	40250000	chr3	40475000	40500000	4.723813132
chr3	138175000	138200000	chr3	138625000	138650000	5.502206082000002
chr3	154650000	154675000	chr3	155025000	155050000	6.237324351999999
chr3	195425000	195450000	chr3	195925000	195950000	2.6352122479999998
chr3	112450000	112475000	chr3	112675000	112700000	8.990769856
chr3	128675000	128700000	chr3	128950000	128975000	7.701414587999999
chr3	41725000	41750000	chr3	41900000	41925000	7.314843704
chr3	52025000	52050000	chr3	52400000	52425000	5.517884168
chr3	49200000	49225000	chr3	49475000	49500000	7.096913608000001
chr3	15850000	15875000	chr3	16275000	16300000	4.707424124
chr3	160400000	160425000	chr3	160650000	160675000	6.49070976
chr3	152750000	152775000	chr3	153000000	153025000	6.2392994680000005
chr3	51425000	51450000	chr3	51700000	51725000	6.412663455999999
chr3	111425000	111450000	chr3	111675000	111700000	10.106081492000001
chr3	158250000	158275000	chr3	158500000	158525000	5.998613549600001
chr3	130450000	130475000	chr3	130725000	130750000	6.227948283999999
chr3	69725000	69750000	chr3	69975000	70000000	7.302090024
chr3	125850000	125875000	chr3	126100000	126125000	7.69771524
chr3	176225000	176250000	chr3	176375000	176400000	8.445544832
chr3	129650000	129675000	chr3	129800000	129825000	10.845410871999997
chr3	32975000	33000000	chr3	33400000	33425000	3.7104381504000004
chr3	151775000	151800000	chr3	152150000	152175000	5.129576867999999
chr3	38150000	38175000	chr3	38675000	38700000	2.7804723296000002
chr3	192525000	192550000	chr3	192750000	192775000	7.0165428159999985
chr3	170750000	170775000	chr3	171275000	171300000	6.886473747999999
chr3	132750000	132775000	chr3	133100000	133125000	7.096077796
chr3	159725000	159750000	chr3	160050000	160075000	4.322693704
chr3	73150000	73175000	chr3	73475000	73500000	6.549449323999999
chr3	15850000	15875000	chr3	16200000	16225000	4.342420349999999
chr3	100050000	100075000	chr3	100300000	100325000	6.147001808
chr3	106975000	107000000	chr3	107125000	107150000	10.453962588
chr3	53400000	53425000	chr3	53725000	53750000	9.432864639130434
chr3	176225000	176250000	chr3	176650000	176675000	4.683348272000001
chr3	52875000	52900000	chr3	53225000	53250000	5.1341693799999994
chr3	150500000	150525000	chr3	150850000	150875000	4.215296004000001
chr3	182425000	182450000	chr3	182825000	182850000	3.9257226520000006
chr3	69200000	69225000	chr3	69450000	69475000	5.971589839999999
chr3	124050000	124075000	chr3	124250000	124275000	7.0495786
chr3	32550000	32575000	chr3	32950000	32975000	3.852272924
chr3	114925000	114950000	chr3	115400000	115425000	7.299960299999999
chr3	121250000	121275000	chr3	121700000	121725000	4.443162308
chr3	159750000	159775000	chr3	160200000	160225000	3.7949553208333344
chr3	185050000	185075000	chr3	185275000	185300000	6.986472271999999
chr3	106950000	106975000	chr3	107250000	107275000	6.012163608
chr3	172700000	172725000	chr3	172975000	173000000	5.247064205600001
chr3	69200000	69225000	chr3	69700000	69725000	5.268829052173913
chr3	63325000	63350000	chr3	63775000	63800000	5.908446537500001
chr3	42275000	42300000	chr3	42775000	42800000	2.7549662159999997
chr3	136100000	136125000	chr3	136450000	136475000	5.31248062
chr3	112000000	112025000	chr3	112225000	112250000	8.127501604166666
chr3	124275000	124300000	chr3	124600000	124625000	3.660795491999999
chr3	108200000	108225000	chr3	108625000	108650000	5.518002188
chr3	178150000	178175000	chr3	178675000	178700000	6.325310215999999
chr3	67425000	67450000	chr3	67825000	67850000	7.245259682608697
chr3	145925000	145950000	chr3	146300000	146325000	6.673183304347826
chr3	64000000	64025000	chr3	64450000	64475000	6.723325192
chr3	108375000	108400000	chr3	108625000	108650000	7.782015855999999
chr3	98300000	98325000	chr3	98700000	98725000	4.578841054347826
chr3	111825000	111850000	chr3	112225000	112250000	6.306675051999999
chr3	97750000	97775000	chr3	98025000	98050000	6.254170552
chr3	167625000	167650000	chr3	167875000	167900000	5.358209195833335
chr3	55500000	55525000	chr3	55750000	55775000	5.342850808
chr3	160650000	160675000	chr3	161000000	161025000	4.697369095999999
chr3	54875000	54900000	chr3	55200000	55225000	5.156549830434783
chr3	131500000	131525000	chr3	131725000	131750000	7.435211771428573
chr3	123725000	123750000	chr3	124000000	124025000	6.192769604545453
chr3	195425000	195450000	chr3	195700000	195725000	8.5106586
chr3	192175000	192200000	chr3	192500000	192525000	6.151158520833334
chr3	118600000	118625000	chr3	119100000	119125000	3.6105635020833327
chr3	62175000	62200000	chr3	62525000	62550000	5.001752675
chr3	149675000	149700000	chr3	150200000	150225000	3.5103732125000007
chr3	62300000	62325000	chr3	62525000	62550000	6.447454804545455
chr3	60575000	60600000	chr3	60775000	60800000	5.239697625
chr3	19375000	19400000	chr3	19900000	19925000	3.787341111999999
chr4	100040000	100050000	chr4	100320000	100330000	7.476096425
chr4	100480000	100490000	chr4	100720000	100730000	9.582745575
chr4	10160000	10165000	chr4	10530000	10535000	15.813097
chr4	10165000	10170000	chr4	10405000	10410000	23.02043
chr4	103370000	103380000	chr4	103530000	103540000	9.36769075
chr4	103540000	103545000	chr4	103925000	103930000	15.460263
chr4	103540000	103545000	chr4	104010000	104015000	9.883107
chr4	103540000	103550000	chr4	103680000	103690000	6.998215074999999
chr4	108500000	108510000	chr4	108640000	108650000	8.3368301
chr4	110340000	110350000	chr4	110730000	110740000	6.838014000000001
chr4	110925000	110930000	chr4	111435000	111440000	18.055264
chr4	111230000	111240000	chr4	111420000	111430000	8.630640374999999
chr4	1120000	1130000	chr4	1340000	1350000	11.875286375
chr4	113550000	113560000	chr4	113680000	113690000	11.47461675
chr4	123230000	123240000	chr4	123490000	123500000	10.278597
chr4	123520000	123530000	chr4	123840000	123850000	7.563142699999999
chr4	123670000	123680000	chr4	123840000	123850000	10.5873125
chr4	1350000	1360000	chr4	1620000	1630000	13.70595725
chr4	139600000	139610000	chr4	139790000	139800000	8.792428875
chr4	153760000	153770000	chr4	154000000	154010000	11.297395625
chr4	153770000	153780000	chr4	154040000	154050000	10.265451375
chr4	154060000	154070000	chr4	154230000	154240000	10.600231749999999
chr4	154060000	154070000	chr4	154490000	154500000	5.5357880999999995
chr4	154260000	154270000	chr4	154490000	154500000	11.176625375
chr4	154350000	154360000	chr4	154490000	154500000	12.149197249999999
chr4	15800000	15810000	chr4	15950000	15960000	11.1207604
chr4	159770000	159780000	chr4	160120000	160130000	8.726746125
chr4	16010000	16020000	chr4	16260000	16270000	11.388536250000001
chr4	164110000	164120000	chr4	164250000	164260000	9.000893
chr4	166050000	166055000	chr4	166390000	166395000	13.031181
chr4	170730000	170740000	chr4	170960000	170970000	11.760888975
chr4	173930000	173940000	chr4	174330000	174340000	8.865659
chr4	173945000	173950000	chr4	174175000	174180000	21.681015
chr4	183850000	183860000	chr4	183990000	184000000	11.677755
chr4	183850000	183860000	chr4	184180000	184190000	12.55857475
chr4	183990000	183995000	chr4	184170000	184175000	19.239153
chr4	184180000	184190000	chr4	184330000	184340000	8.8110929
chr4	185180000	185190000	chr4	185450000	185460000	14.3522675
chr4	185660000	185670000	chr4	185900000	185910000	11.8627655
chr4	187210000	187220000	chr4	187510000	187520000	9.656737249999999
chr4	20420000	20430000	chr4	20680000	20690000	8.213553425
chr4	26460000	26470000	chr4	26710000	26720000	11.346691624999998
chr4	28580000	28590000	chr4	28800000	28810000	8.417443825
chr4	37600000	37610000	chr4	37780000	37790000	8.783191200000001
chr4	37800000	37810000	chr4	38030000	38040000	9.802918675
chr4	38180000	38190000	chr4	38310000	38320000	10.351524750000001
chr4	38905000	38910000	chr4	39135000	39140000	18.73585
chr4	39470000	39480000	chr4	39970000	39980000	7.3938676999999995
chr4	40060000	40070000	chr4	40310000	40320000	8.04900275
chr4	40150000	40160000	chr4	40310000	40320000	15.952773749999999
chr4	40970000	40980000	chr4	41210000	41220000	9.1617055
chr4	41695000	41700000	chr4	41885000	41890000	20.273577
chr4	42280000	42290000	chr4	42520000	42530000	9.34084535
chr4	48120000	48130000	chr4	48550000	48560000	5.3777782
chr4	48140000	48150000	chr4	48270000	48280000	12.631582499999999
chr4	48320000	48330000	chr4	48540000	48550000	7.6030949
chr4	4995000	5000000	chr4	5140000	5145000	16.405758
chr4	54770000	54780000	chr4	55090000	55100000	14.81809625
chr4	56410000	56420000	chr4	56600000	56610000	8.395766075
chr4	6000000	6010000	chr4	6320000	6330000	6.3753286
chr4	6720000	6725000	chr4	6880000	6885000	18.176435
chr4	6720000	6725000	chr4	7070000	7075000	12.191417
chr4	74200000	74210000	chr4	74520000	74530000	7.08673855
chr4	74520000	74530000	chr4	75000000	75010000	10.71551675
chr4	75185000	75190000	chr4	75595000	75600000	16.9675
chr4	76500000	76510000	chr4	76760000	76770000	8.4606604
chr4	77430000	77440000	chr4	77960000	77970000	4.119111374999999
chr4	77960000	77970000	chr4	78120000	78130000	12.740281874999999
chr4	7805000	7810000	chr4	7990000	7995000	18.543373
chr4	82320000	82330000	chr4	82760000	82770000	6.94841495
chr4	8245000	8250000	chr4	8400000	8405000	24.95826
chr4	83990000	84000000	chr4	84170000	84180000	10.237167499999998
chr4	84430000	84435000	chr4	84555000	84560000	19.672607
chr4	8460000	8465000	chr4	8595000	8600000	19.376364
chr4	85670000	85680000	chr4	85890000	85900000	9.140912375
chr4	87420000	87430000	chr4	87810000	87820000	7.957848500000001
chr4	87840000	87850000	chr4	88010000	88020000	14.6744465
chr4	88190000	88200000	chr4	88380000	88390000	10.7338865
chr4	88600000	88610000	chr4	88760000	88770000	11.1849559
chr4	88770000	88780000	chr4	89130000	89140000	7.583498625000001
chr4	88950000	88960000	chr4	89430000	89440000	6.30348635
chr4	88955000	88960000	chr4	89130000	89135000	16.876823
chr4	89135000	89140000	chr4	89435000	89440000	16.544407
chr4	89450000	89460000	chr4	89940000	89950000	6.741232525
chr4	89730000	89740000	chr4	89940000	89950000	12.44682225
chr4	95320000	95330000	chr4	95510000	95520000	13.463325999999999
chr4	9760000	9765000	chr4	10015000	10020000	18.507395
chr4	9760000	9770000	chr4	9900000	9910000	9.839276000000002
chr4	8675000	8700000	chr4	8900000	8925000	8.388425435999999
chr4	48550000	48575000	chr4	48950000	48975000	6.880498499999999
chr4	76825000	76850000	chr4	76975000	77000000	8.160243456000002
chr4	140000000	140025000	chr4	140200000	140225000	6.781249416
chr4	82375000	82400000	chr4	82750000	82775000	5.529080167999999
chr4	184750000	184775000	chr4	185000000	185025000	7.914389811999999
chr4	47700000	47725000	chr4	47925000	47950000	6.641665135999998
chr4	109750000	109775000	chr4	110225000	110250000	6.33287124
chr4	83375000	83400000	chr4	83650000	83675000	7.230434396
chr4	4475000	4500000	chr4	4875000	4900000	5.274082316
chr4	155550000	155575000	chr4	155675000	155700000	7.181951803999999
chr4	15475000	15500000	chr4	15650000	15675000	6.519780811999999
chr4	56300000	56325000	chr4	56600000	56625000	6.233776776
chr4	26050000	26075000	chr4	26400000	26425000	5.433791224
chr4	84275000	84300000	chr4	84550000	84575000	4.3208681388
chr4	24475000	24500000	chr4	24675000	24700000	5.85273016
chr4	108675000	108700000	chr4	108825000	108850000	7.2715281360000015
chr4	106050000	106075000	chr4	106375000	106400000	5.71535438
chr4	38750000	38775000	chr4	39125000	39150000	5.515759208333333
chr4	55850000	55875000	chr4	56175000	56200000	5.150904152000001
chr4	141275000	141300000	chr4	141525000	141550000	6.707696695999999
chr4	4975000	5000000	chr4	5375000	5400000	4.362729024
chr4	87800000	87825000	chr4	88150000	88175000	4.463176712000001
chr4	25425000	25450000	chr4	25750000	25775000	4.505688264000001
chr4	144125000	144150000	chr4	144400000	144425000	5.509115919999999
chr4	150900000	150925000	chr4	151125000	151150000	6.058092444
chr4	159175000	159200000	chr4	159525000	159550000	5.910933183999999
chr4	41275000	41300000	chr4	41650000	41675000	7.7638582640000005
chr4	175275000	175300000	chr4	175625000	175650000	5.939118944
chr4	85500000	85525000	chr4	85875000	85900000	5.000572227999999
chr4	146150000	146175000	chr4	146475000	146500000	5.608653136
chr4	81975000	82000000	chr4	82250000	82275000	5.258660536
chr4	96075000	96100000	chr4	96250000	96275000	6.325945904166666
chr4	119950000	119975000	chr4	120200000	120225000	6.21109616
chr4	129100000	129125000	chr4	129475000	129500000	3.0527071439999998
chr4	78975000	79000000	chr4	79425000	79450000	3.8545021439999996
chr4	53400000	53425000	chr4	53850000	53875000	6.033300476000001
chr4	110600000	110625000	chr4	110875000	110900000	3.569988548
chr4	15475000	15500000	chr4	15950000	15975000	3.9877721799999994
chr4	186525000	186550000	chr4	186950000	186975000	4.826948343999999
chr4	24475000	24500000	chr4	24975000	25000000	3.2532888680000007
chr4	82825000	82850000	chr4	83100000	83125000	4.89747242
chr4	88050000	88075000	chr4	88375000	88400000	3.8245903358333337
chr4	169925000	169950000	chr4	170400000	170425000	3.645396544
chr4	187200000	187225000	chr4	187625000	187650000	3.2093919672
chr4	22400000	22425000	chr4	22675000	22700000	5.992545420833333
chr4	1125000	1150000	chr4	1625000	1650000	3.619182329166667
chr4	1725000	1750000	chr4	2175000	2200000	2.6966769360000007
chr4	79950000	79975000	chr4	80475000	80500000	4.2191363840000005
chr4	158900000	158925000	chr4	159075000	159100000	5.098694511999999
chr4	15800000	15825000	chr4	16250000	16275000	3.3272140280000007
chr4	96075000	96100000	chr4	96425000	96450000	4.6536941375
chr4	112975000	113000000	chr4	113425000	113450000	3.2638735333333337
chr4	42550000	42575000	chr4	42850000	42875000	4.950292766666666
chr4	120525000	120550000	chr4	120950000	120975000	4.934007704347826
chr4	39800000	39825000	chr4	40325000	40350000	2.10014004
chr4	72625000	72650000	chr4	73125000	73150000	3.8212759439999995
chr4	122275000	122300000	chr4	122650000	122675000	3.2946247478260866
chr4	115300000	115325000	chr4	115600000	115625000	5.997324344
chr4	108475000	108500000	chr4	108825000	108850000	3.3342222765217397
chr4	141250000	141275000	chr4	141750000	141775000	3.562798695454545
chr4	148075000	148100000	chr4	148500000	148525000	4.03889265
chr4	153750000	153775000	chr4	154225000	154250000	2.548097432083333
chr4	145550000	145575000	chr4	145975000	146000000	3.4393099260869566
chr4	176850000	176875000	chr4	177250000	177275000	4.705090447826087
chr5	102560000	102570000	chr5	102810000	102820000	10.018876675
chr5	10450000	10455000	chr5	10625000	10630000	28.185354
chr5	111885000	111890000	chr5	112090000	112095000	20.49508
chr5	114640000	114650000	chr5	114910000	114920000	14.39153575
chr5	114960000	114970000	chr5	115400000	115410000	9.074869675
chr5	1170000	1180000	chr5	1640000	1650000	7.54896305
chr5	121310000	121320000	chr5	121490000	121500000	10.23764625
chr5	125685000	125690000	chr5	125870000	125875000	22.381937
chr5	130500000	130510000	chr5	130710000	130720000	12.5274245
chr5	131140000	131150000	chr5	131340000	131350000	12.69821525
chr5	131400000	131405000	chr5	131650000	131655000	13.054533
chr5	131400000	131410000	chr5	131830000	131840000	6.5597462
chr5	132440000	132450000	chr5	132580000	132590000	17.35335825
chr5	133520000	133530000	chr5	133910000	133920000	6.498984524999999
chr5	133635000	133640000	chr5	133915000	133920000	33.566307
chr5	134790000	134800000	chr5	135160000	135170000	8.46064715
chr5	134890000	134895000	chr5	135165000	135170000	20.549942
chr5	135220000	135230000	chr5	135540000	135550000	12.394893750000001
chr5	135230000	135240000	chr5	135380000	135390000	11.215013675
chr5	135400000	135410000	chr5	135540000	135550000	12.76307525
chr5	135580000	135590000	chr5	136100000	136110000	10.132337249999999
chr5	139010000	139015000	chr5	139140000	139145000	29.434704
chr5	139165000	139170000	chr5	139345000	139350000	23.524685
chr5	139165000	139170000	chr5	139535000	139540000	13.928264
chr5	139615000	139620000	chr5	139740000	139745000	19.02837
chr5	139740000	139750000	chr5	140090000	140100000	10.0421537
chr5	139940000	139950000	chr5	140090000	140100000	12.472836000000001
chr5	140800000	140810000	chr5	140940000	140950000	13.450784500000001
chr5	141050000	141060000	chr5	141340000	141350000	10.791506
chr5	141080000	141090000	chr5	141330000	141340000	10.78210725
chr5	141380000	141390000	chr5	141520000	141530000	18.7114385
chr5	141540000	141550000	chr5	141940000	141950000	11.80134725
chr5	142090000	142100000	chr5	142260000	142270000	17.2157915
chr5	142120000	142130000	chr5	142250000	142260000	19.241149999999998
chr5	14350000	14360000	chr5	14640000	14650000	11.161624000000002
chr5	145670000	145680000	chr5	145810000	145820000	12.92188825
chr5	1470000	1480000	chr5	1640000	1650000	16.34716325
chr5	14720000	14730000	chr5	15000000	15010000	12.0424935
chr5	147820000	147830000	chr5	148060000	148070000	11.685211375
chr5	148110000	148120000	chr5	148410000	148420000	10.36329625
chr5	148115000	148120000	chr5	148490000	148495000	13.192369
chr5	148750000	148760000	chr5	148930000	148940000	14.523601499999998
chr5	149015000	149020000	chr5	149205000	149210000	34.0529
chr5	149015000	149020000	chr5	149365000	149370000	13.30624
chr5	149210000	149220000	chr5	149340000	149350000	19.214547
chr5	149215000	149220000	chr5	149365000	149370000	25.269777
chr5	149530000	149540000	chr5	149710000	149720000	8.582493575
chr5	149640000	149650000	chr5	149810000	149820000	10.75961025
chr5	149940000	149945000	chr5	150225000	150230000	16.29556
chr5	153360000	153370000	chr5	153780000	153790000	8.2034451
chr5	153445000	153450000	chr5	153780000	153785000	16.57317
chr5	153560000	153570000	chr5	153780000	153790000	11.270788000000001
chr5	153845000	153850000	chr5	153985000	153990000	20.464508
chr5	154020000	154030000	chr5	154180000	154190000	15.087854
chr5	156770000	156780000	chr5	156900000	156910000	11.36014625
chr5	158110000	158120000	chr5	158530000	158540000	12.0434735
chr5	158580000	158585000	chr5	158740000	158745000	18.324553
chr5	159450000	159460000	chr5	159820000	159830000	10.2363283
chr5	159625000	159630000	chr5	159770000	159775000	23.94107
chr5	16780000	16790000	chr5	17180000	17190000	9.77662125
chr5	169650000	169655000	chr5	169845000	169850000	20.680054
chr5	169860000	169870000	chr5	170050000	170060000	14.774877750000002
chr5	170840000	170850000	chr5	171030000	171040000	12.614303249999999
chr5	170840000	170850000	chr5	171330000	171340000	9.08978675
chr5	171330000	171340000	chr5	171460000	171470000	17.3803815
chr5	171905000	171910000	chr5	172120000	172125000	26.722433
chr5	172140000	172145000	chr5	172355000	172360000	31.427002
chr5	172400000	172410000	chr5	172710000	172720000	11.3063845
chr5	173045000	173050000	chr5	173395000	173400000	25.960596
chr5	173470000	173480000	chr5	173730000	173740000	11.69387975
chr5	173845000	173850000	chr5	174225000	174230000	18.363415
chr5	174370000	174380000	chr5	174870000	174880000	12.204862499999999
chr5	174960000	174970000	chr5	175130000	175140000	14.085999750000001
chr5	176090000	176100000	chr5	176530000	176540000	9.464910249999999
chr5	176240000	176250000	chr5	176530000	176540000	9.228206
chr5	177710000	177720000	chr5	178010000	178020000	16.41334675
chr5	178590000	178600000	chr5	178910000	178920000	12.89313525
chr5	34470000	34480000	chr5	35000000	35010000	10.37203275
chr5	34480000	34490000	chr5	34890000	34900000	13.0254615
chr5	34520000	34530000	chr5	34890000	34900000	17.033697500000002
chr5	36060000	36070000	chr5	36500000	36510000	6.230000049999999
chr5	36070000	36080000	chr5	36400000	36410000	7.796295075
chr5	36415000	36420000	chr5	36690000	36695000	12.84266
chr5	36740000	36750000	chr5	36870000	36880000	12.901343500000001
chr5	37410000	37420000	chr5	37760000	37770000	9.11816375
chr5	37840000	37850000	chr5	38190000	38200000	7.426681749999999
chr5	38435000	38440000	chr5	38660000	38665000	14.218914
chr5	38440000	38445000	chr5	38805000	38810000	16.360554
chr5	39140000	39150000	chr5	39280000	39290000	15.713341
chr5	39370000	39375000	chr5	39545000	39550000	20.693382
chr5	42580000	42590000	chr5	42870000	42880000	6.521113175
chr5	42905000	42910000	chr5	43040000	43045000	16.617292
chr5	43220000	43230000	chr5	43380000	43390000	12.15159375
chr5	5140000	5150000	chr5	5400000	5410000	10.728568000000001
chr5	52240000	52250000	chr5	52390000	52400000	13.73429875
chr5	56200000	56210000	chr5	56430000	56440000	12.329989425
chr5	63920000	63930000	chr5	64080000	64090000	11.1474735
chr5	67580000	67585000	chr5	67755000	67760000	18.822037
chr5	71440000	71450000	chr5	71600000	71610000	10.67564225
chr5	72880000	72885000	chr5	73085000	73090000	23.863483
chr5	73970000	73975000	chr5	74210000	74215000	15.7679
chr5	75890000	75900000	chr5	76070000	76080000	15.940813249999998
chr5	76165000	76170000	chr5	76310000	76315000	22.26827
chr5	79390000	79400000	chr5	79590000	79600000	18.2227195
chr5	90160000	90170000	chr5	90700000	90710000	7.703737825
chr5	90390000	90400000	chr5	90680000	90690000	10.809245425
chr5	90515000	90520000	chr5	90680000	90685000	22.93504
chr5	910000	920000	chr5	1140000	1150000	10.517486000000002
chr5	94975000	94980000	chr5	95180000	95185000	23.122416
chr5	95190000	95200000	chr5	95670000	95680000	11.85771075
chr5	96080000	96090000	chr5	96490000	96500000	12.84066325
chr5	96200000	96210000	chr5	96490000	96500000	9.64007175
chr5	98240000	98245000	chr5	98365000	98370000	28.671558
chr5	148500000	148525000	chr5	148625000	148650000	11.28206212
chr5	42750000	42775000	chr5	42875000	42900000	9.488539216
chr5	130925000	130950000	chr5	131325000	131350000	7.069186763999999
chr5	131850000	131875000	chr5	132200000	132225000	6.969275557142858
chr5	1750000	1775000	chr5	2000000	2025000	7.564505915999999
chr5	136650000	136675000	chr5	136825000	136850000	9.909796083999998
chr5	148100000	148125000	chr5	148325000	148350000	8.222741227999999
chr5	53800000	53825000	chr5	54150000	54175000	10.695447351999999
chr5	41850000	41875000	chr5	42000000	42025000	7.221158099999998
chr5	31800000	31825000	chr5	32075000	32100000	6.691524804
chr5	176075000	176100000	chr5	176375000	176400000	7.925974096000001
chr5	54225000	54250000	chr5	54425000	54450000	9.427176436
chr5	169525000	169550000	chr5	169825000	169850000	6.234937132
chr5	173825000	173850000	chr5	174175000	174200000	8.115018160000002
chr5	31575000	31600000	chr5	31800000	31825000	7.792332008000001
chr5	36725000	36750000	chr5	37000000	37025000	6.865681423999999
chr5	145050000	145075000	chr5	145425000	145450000	5.378680196
chr5	135575000	135600000	chr5	135750000	135775000	6.861608183999998
chr5	171900000	171925000	chr5	172350000	172375000	4.295032588000001
chr5	153350000	153375000	chr5	153550000	153575000	6.366402312
chr5	31550000	31575000	chr5	32075000	32100000	5.285976344
chr5	68375000	68400000	chr5	68625000	68650000	7.351409480000001
chr5	127200000	127225000	chr5	127525000	127550000	7.3726788679999995
chr5	156750000	156775000	chr5	157150000	157175000	5.761258452000001
chr5	80800000	80825000	chr5	81125000	81150000	6.334897380000001
chr5	140600000	140625000	chr5	140925000	140950000	8.0323317
chr5	145050000	145075000	chr5	145250000	145275000	6.798988048
chr5	153450000	153475000	chr5	153975000	154000000	4.704178356000001
chr5	145900000	145925000	chr5	146325000	146350000	7.316590336000001
chr5	154000000	154025000	chr5	154375000	154400000	5.516103307999999
chr5	135700000	135725000	chr5	136100000	136125000	7.515504195999999
chr5	13975000	14000000	chr5	14350000	14375000	4.844691224000001
chr5	33975000	34000000	chr5	34450000	34475000	5.352489267999999
chr5	132750000	132775000	chr5	133275000	133300000	4.321805906399999
chr5	114425000	114450000	chr5	114575000	114600000	7.039064160000001
chr5	137100000	137125000	chr5	137400000	137425000	6.740627463999999
chr5	33425000	33450000	chr5	33925000	33950000	5.338049051999999
chr5	79975000	80000000	chr5	80475000	80500000	6.692548156
chr5	78425000	78450000	chr5	78750000	78775000	7.024248276000001
chr5	81650000	81675000	chr5	81925000	81950000	5.426067327999999
chr5	172125000	172150000	chr5	172600000	172625000	4.162549396
chr5	66100000	66125000	chr5	66500000	66525000	6.609279632
chr5	127075000	127100000	chr5	127525000	127550000	5.896678348000002
chr5	86350000	86375000	chr5	86650000	86675000	6.2613946999999985
chr5	170625000	170650000	chr5	170750000	170775000	9.218720268
chr5	142375000	142400000	chr5	142775000	142800000	5.968721872
chr5	5475000	5500000	chr5	5850000	5875000	4.5667474960000005
chr5	4875000	4900000	chr5	5400000	5425000	4.604537164000001
chr5	103150000	103175000	chr5	103500000	103525000	6.811623904000002
chr5	141050000	141075000	chr5	141500000	141525000	3.977819008000001
chr5	112700000	112725000	chr5	112925000	112950000	5.82682232
chr5	167675000	167700000	chr5	168100000	168125000	3.4038806399999997
chr5	136975000	137000000	chr5	137450000	137475000	6.034624740000001
chr5	89725000	89750000	chr5	90075000	90100000	5.831501429166667
chr5	112325000	112350000	chr5	112650000	112675000	5.371259380000001
chr5	95675000	95700000	chr5	95925000	95950000	6.111311188000001
chr5	54450000	54475000	chr5	54975000	55000000	5.38914856
chr5	94300000	94325000	chr5	94575000	94600000	6.634780484
chr5	81600000	81625000	chr5	82050000	82075000	4.045630624
chr5	61750000	61775000	chr5	62050000	62075000	5.906577800000001
chr5	110075000	110100000	chr5	110425000	110450000	5.953852901200001
chr5	121850000	121875000	chr5	122325000	122350000	4.812267656
chr5	150500000	150525000	chr5	151000000	151025000	2.6294332023999996
chr5	163425000	163450000	chr5	163925000	163950000	6.595678884000002
chr5	78300000	78325000	chr5	78750000	78775000	5.482405116000001
chr5	147550000	147575000	chr5	147725000	147750000	8.031248540000002
chr5	71075000	71100000	chr5	71600000	71625000	3.69331346
chr5	169650000	169675000	chr5	170025000	170050000	3.583679626086957
chr5	125675000	125700000	chr5	126125000	126150000	2.95127906
chr5	58175000	58200000	chr5	58450000	58475000	5.421687656
chr5	112325000	112350000	chr5	112825000	112850000	4.639316472
chr5	102100000	102125000	chr5	102475000	102500000	5.506017275999999
chr5	95950000	95975000	chr5	96475000	96500000	3.9643395639999994
chr5	148500000	148525000	chr5	148950000	148975000	2.712261572
chr5	118800000	118825000	chr5	119075000	119100000	4.094461956000001
chr5	178575000	178600000	chr5	179075000	179100000	3.4957788862499997
chr5	171650000	171675000	chr5	172100000	172125000	2.5041430508000007
chr6	100560000	100570000	chr6	101100000	101110000	14.217056
chr6	100570000	100575000	chr6	100925000	100930000	21.665041
chr6	10470000	10480000	chr6	10800000	10810000	12.693891125
chr6	105230000	105240000	chr6	105520000	105530000	9.895306375
chr6	105390000	105400000	chr6	105520000	105530000	19.166737750000003
chr6	105535000	105540000	chr6	105870000	105875000	18.975933
chr6	106780000	106790000	chr6	107010000	107020000	14.974670750000001
chr6	106890000	106900000	chr6	107310000	107320000	14.516903749999999
chr6	108430000	108440000	chr6	108840000	108850000	19.408357000000002
chr6	108860000	108865000	chr6	109155000	109160000	30.244526
chr6	108860000	108865000	chr6	109205000	109210000	26.486197
chr6	108860000	108865000	chr6	109395000	109400000	17.80897
chr6	108860000	108870000	chr6	109100000	109110000	19.95748775
chr6	109505000	109510000	chr6	109705000	109710000	30.300537
chr6	110020000	110030000	chr6	110350000	110360000	14.760657850000001
chr6	111000000	111010000	chr6	111270000	111280000	17.23929525
chr6	11170000	11180000	chr6	11490000	11500000	14.258007250000002
chr6	112030000	112040000	chr6	112310000	112320000	20.4307285
chr6	117770000	117780000	chr6	117920000	117930000	16.7865265
chr6	118600000	118610000	chr6	119120000	119130000	8.98722845
chr6	119270000	119280000	chr6	119430000	119440000	16.18132525
chr6	125190000	125200000	chr6	125430000	125440000	16.78023375
chr6	125630000	125635000	chr6	126080000	126085000	19.506926
chr6	126100000	126110000	chr6	126280000	126290000	15.379370749999998
chr6	129910000	129920000	chr6	130070000	130080000	14.11502875
chr6	131200000	131210000	chr6	131430000	131440000	18.404291
chr6	132590000	132600000	chr6	132800000	132810000	15.047128625000001
chr6	133890000	133900000	chr6	134210000	134220000	13.1882965
chr6	134245000	134250000	chr6	134420000	134425000	32.306923
chr6	135460000	135470000	chr6	135750000	135760000	14.44408125
chr6	136965000	136970000	chr6	137110000	137115000	28.64129
chr6	137410000	137420000	chr6	137630000	137640000	18.323186
chr6	138030000	138040000	chr6	138180000	138190000	14.77782875
chr6	138035000	138040000	chr6	138265000	138270000	19.688572
chr6	138430000	138440000	chr6	138830000	138840000	13.315668249999998
chr6	138910000	138920000	chr6	139070000	139080000	11.807684250000001
chr6	13910000	13915000	chr6	14060000	14065000	29.936247
chr6	139130000	139140000	chr6	139420000	139430000	10.484402900000001
chr6	139430000	139440000	chr6	139680000	139690000	11.001085400000001
chr6	143890000	143900000	chr6	144330000	144340000	18.0048355
chr6	146130000	146140000	chr6	146280000	146290000	8.680777124999999
chr6	146860000	146870000	chr6	147020000	147030000	12.94954825
chr6	147220000	147230000	chr6	147520000	147530000	17.432571499999998
chr6	149350000	149355000	chr6	149750000	149755000	21.24786
chr6	149410000	149415000	chr6	149750000	149755000	18.998056
chr6	150390000	150400000	chr6	150710000	150720000	14.62682225
chr6	150400000	150405000	chr6	150655000	150660000	25.943398
chr6	150730000	150740000	chr6	151130000	151140000	12.37182575
chr6	151140000	151150000	chr6	151650000	151660000	9.6153095
chr6	151210000	151220000	chr6	151640000	151650000	13.29307
chr6	151340000	151350000	chr6	151640000	151650000	12.0451445
chr6	155240000	155245000	chr6	155495000	155500000	15.914919
chr6	15690000	15700000	chr6	16180000	16190000	14.475566750000002
chr6	158640000	158650000	chr6	159100000	159110000	10.555036000000001
chr6	159130000	159140000	chr6	159390000	159400000	18.96392775
chr6	159210000	159220000	chr6	159380000	159390000	19.949203750000002
chr6	161405000	161410000	chr6	161665000	161670000	26.407925
chr6	161560000	161570000	chr6	161790000	161800000	12.206623625
chr6	163600000	163610000	chr6	163830000	163840000	10.244095999999999
chr6	166300000	166305000	chr6	166515000	166520000	23.476002
chr6	166685000	166690000	chr6	166810000	166815000	28.540552
chr6	168770000	168780000	chr6	169290000	169300000	11.7245111
chr6	17150000	17160000	chr6	17580000	17590000	18.38256075
chr6	20090000	20100000	chr6	20530000	20540000	7.1654948
chr6	20290000	20295000	chr6	20525000	20530000	25.205366
chr6	20400000	20410000	chr6	20530000	20540000	12.498877625
chr6	26030000	26040000	chr6	26200000	26210000	12.156442
chr6	26330000	26340000	chr6	26570000	26580000	19.862624
chr6	26600000	26610000	chr6	27050000	27060000	17.64222875
chr6	2795000	2800000	chr6	2985000	2990000	20.641518
chr6	28105000	28110000	chr6	28320000	28325000	17.74838
chr6	28480000	28490000	chr6	28630000	28640000	12.838414499999999
chr6	2850000	2860000	chr6	3050000	3060000	12.663143750000001
chr6	2855000	2860000	chr6	2985000	2990000	19.699244
chr6	28650000	28660000	chr6	28980000	28990000	8.703199824999999
chr6	28800000	28810000	chr6	28980000	28990000	12.725664
chr6	29400000	29410000	chr6	29550000	29560000	16.91632925
chr6	29810000	29820000	chr6	29970000	29980000	23.861427
chr6	2990000	3000000	chr6	3250000	3260000	7.68572365
chr6	30205000	30210000	chr6	30360000	30365000	25.8119
chr6	30450000	30460000	chr6	30700000	30710000	9.42015325
chr6	30700000	30710000	chr6	30840000	30850000	15.26721525
chr6	30800000	30810000	chr6	31040000	31050000	15.011460249999999
chr6	30880000	30890000	chr6	31040000	31050000	22.625650250000003
chr6	31100000	31110000	chr6	31330000	31340000	21.4887835
chr6	31160000	31165000	chr6	31330000	31335000	30.309334
chr6	32210000	32220000	chr6	32750000	32760000	10.17359725
chr6	32380000	32385000	chr6	32760000	32765000	25.038895
chr6	32380000	32390000	chr6	32660000	32670000	20.969363
chr6	3270000	3275000	chr6	3730000	3735000	19.303547
chr6	32980000	32990000	chr6	33210000	33220000	13.3792415
chr6	33090000	33095000	chr6	33215000	33220000	30.4676
chr6	33240000	33250000	chr6	33370000	33380000	22.02282625
chr6	33550000	33560000	chr6	33720000	33730000	14.87354875
chr6	33730000	33740000	chr6	34120000	34130000	12.333472500000001
chr6	33735000	33740000	chr6	33995000	34000000	22.963518
chr6	34130000	34140000	chr6	34380000	34390000	16.67133475
chr6	34215000	34220000	chr6	34380000	34385000	39.19796
chr6	34425000	34430000	chr6	34570000	34575000	24.503742
chr6	34950000	34960000	chr6	35090000	35100000	17.83189775
chr6	35260000	35270000	chr6	35700000	35710000	8.135747
chr6	35265000	35270000	chr6	35415000	35420000	35.509052
chr6	35490000	35495000	chr6	35705000	35710000	32.17444
chr6	35550000	35555000	chr6	35700000	35705000	43.62649
chr6	36100000	36110000	chr6	36320000	36330000	14.622436875000002
chr6	36590000	36600000	chr6	36960000	36970000	5.4449445
chr6	36730000	36735000	chr6	36980000	36985000	28.749567
chr6	36730000	36740000	chr6	37170000	37180000	7.585501375
chr6	36990000	36995000	chr6	37175000	37180000	43.33287
chr6	36990000	37000000	chr6	37140000	37150000	34.351271
chr6	36990000	37000000	chr6	37280000	37290000	10.821694375
chr6	37015000	37020000	chr6	37140000	37145000	39.948544
chr6	37350000	37360000	chr6	37530000	37540000	12.035858
chr6	3740000	3750000	chr6	3990000	4000000	19.34113175
chr6	38960000	38965000	chr6	39270000	39275000	17.900948
chr6	39130000	39135000	chr6	39270000	39275000	49.86161
chr6	39945000	39950000	chr6	40275000	40280000	23.955664
chr6	41330000	41340000	chr6	41560000	41570000	17.556374
chr6	41330000	41340000	chr6	41650000	41660000	17.4936535
chr6	41750000	41755000	chr6	42015000	42020000	18.951448
chr6	41760000	41770000	chr6	41890000	41900000	17.5521185
chr6	41865000	41870000	chr6	42010000	42015000	36.21509
chr6	42040000	42045000	chr6	42180000	42185000	24.810667
chr6	42620000	42630000	chr6	42840000	42850000	17.1665025
chr6	42700000	42710000	chr6	42840000	42850000	15.57621125
chr6	42870000	42880000	chr6	43110000	43120000	15.757202249999999
chr6	43225000	43230000	chr6	43460000	43465000	18.491598
chr6	43630000	43635000	chr6	44045000	44050000	19.651587
chr6	43690000	43695000	chr6	44045000	44050000	21.102556
chr6	43730000	43735000	chr6	44045000	44050000	23.737429
chr6	43730000	43740000	chr6	43910000	43920000	15.9468875
chr6	47060000	47065000	chr6	47275000	47280000	24.589077
chr6	47370000	47380000	chr6	47570000	47580000	14.182477
chr6	49480000	49490000	chr6	49820000	49830000	9.12212875
chr6	49580000	49590000	chr6	49790000	49800000	12.886929925
chr6	5140000	5150000	chr6	5400000	5410000	18.127060750000002
chr6	5215000	5220000	chr6	5400000	5405000	21.727932
chr6	52280000	52285000	chr6	52460000	52465000	26.235258
chr6	52280000	52285000	chr6	52525000	52530000	30.252012
chr6	52750000	52760000	chr6	52920000	52930000	12.371005624999999
chr6	53035000	53040000	chr6	53295000	53300000	30.129652
chr6	53370000	53380000	chr6	53510000	53520000	17.754153000000002
chr6	56220000	56225000	chr6	56460000	56465000	28.684368
chr6	56760000	56770000	chr6	57180000	57190000	14.265623125
chr6	68595000	68600000	chr6	68750000	68755000	24.953503
chr6	69345000	69350000	chr6	69485000	69490000	27.38356
chr6	71410000	71420000	chr6	71590000	71600000	18.19602925
chr6	7280000	7285000	chr6	7610000	7615000	18.633797
chr6	73120000	73125000	chr6	73285000	73290000	29.033297
chr6	7720000	7730000	chr6	7980000	7990000	10.72190735
chr6	83770000	83780000	chr6	83910000	83920000	13.53668875
chr6	83770000	83780000	chr6	84220000	84230000	8.260451525
chr6	83930000	83935000	chr6	84225000	84230000	21.880182
chr6	84580000	84590000	chr6	84930000	84940000	14.905109750000001
chr6	86060000	86070000	chr6	86190000	86200000	17.029833
chr6	89690000	89700000	chr6	89950000	89960000	14.61753975
chr6	90140000	90150000	chr6	90310000	90320000	17.29740575
chr6	90650000	90655000	chr6	91180000	91185000	16.922455
chr6	90995000	91000000	chr6	91185000	91190000	22.847816
chr6	97070000	97080000	chr6	97500000	97510000	15.412757500000001
chr6	97340000	97350000	chr6	97490000	97500000	14.29771625
chr6	99910000	99920000	chr6	100180000	100190000	16.87747675
chr6	3275000	3300000	chr6	3450000	3475000	11.740404820000004
chr6	158625000	158650000	chr6	158925000	158950000	10.640290016
chr6	119450000	119475000	chr6	119650000	119675000	8.199401656
chr6	161400000	161425000	chr6	161775000	161800000	6.079402267999999
chr6	17600000	17625000	chr6	17775000	17800000	10.13101766
chr6	575000	600000	chr6	775000	800000	11.278637632
chr6	159100000	159125000	chr6	159525000	159550000	7.520084536
chr6	110850000	110875000	chr6	111300000	111325000	7.969443856000001
chr6	13775000	13800000	chr6	14050000	14075000	7.8751200159999994
chr6	167175000	167200000	chr6	167525000	167550000	9.508262528
chr6	90675000	90700000	chr6	90875000	90900000	10.801864852000001
chr6	116600000	116625000	chr6	116875000	116900000	9.94278506
chr6	150250000	150275000	chr6	150700000	150725000	6.523098975999999
chr6	134475000	134500000	chr6	134950000	134975000	10.754032808000003
chr6	148875000	148900000	chr6	149250000	149275000	9.336085251999998
chr6	75950000	75975000	chr6	76225000	76250000	9.781473372
chr6	70925000	70950000	chr6	71075000	71100000	8.408595384000002
chr6	18325000	18350000	chr6	18500000	18525000	9.278538732000001
chr6	130075000	130100000	chr6	130325000	130350000	6.687376848000001
chr6	129800000	129825000	chr6	130050000	130075000	6.1737108240000005
chr6	160550000	160575000	chr6	160875000	160900000	8.444699836
chr6	50775000	50800000	chr6	51200000	51225000	9.828827708000002
chr6	110375000	110400000	chr6	110700000	110725000	8.79695638
chr6	73325000	73350000	chr6	73825000	73850000	7.8627774
chr6	155000000	155025000	chr6	155475000	155500000	4.8653987359999995
chr6	153075000	153100000	chr6	153250000	153275000	9.217651979999998
chr6	97625000	97650000	chr6	97825000	97850000	9.957989435999998
chr6	161825000	161850000	chr6	162100000	162125000	6.4782591720000005
chr6	38825000	38850000	chr6	39275000	39300000	4.440262856
chr6	129900000	129925000	chr6	130325000	130350000	5.5214695
chr6	33550000	33575000	chr6	33975000	34000000	4.596404324000001
chr6	87775000	87800000	chr6	88100000	88125000	6.402771799999999
chr6	49400000	49425000	chr6	49800000	49825000	6.443586692
chr6	118600000	118625000	chr6	118850000	118875000	8.966747556
chr6	47375000	47400000	chr6	47700000	47725000	4.955038692
chr6	71225000	71250000	chr6	71550000	71575000	5.950574472
chr6	6050000	6075000	chr6	6525000	6550000	6.342586100000001
chr6	46375000	46400000	chr6	46575000	46600000	8.392512115999999
chr6	112025000	112050000	chr6	112475000	112500000	5.0726236600000005
chr6	109850000	109875000	chr6	110350000	110375000	6.908414452
chr6	125175000	125200000	chr6	125625000	125650000	6.451200979999999
chr6	144425000	144450000	chr6	144800000	144825000	5.214837592
chr6	53025000	53050000	chr6	53550000	53575000	5.179837664000001
chr6	100300000	100325000	chr6	100525000	100550000	7.11517548
chr6	104975000	105000000	chr6	105200000	105225000	6.904964744
chr6	132000000	132025000	chr6	132225000	132250000	7.903594958333333
chr6	80650000	80675000	chr6	80800000	80825000	10.393706664
chr6	106175000	106200000	chr6	106650000	106675000	5.320398672
chr6	46050000	46075000	chr6	46375000	46400000	7.092447732
chr6	83300000	83325000	chr6	83750000	83775000	5.8059711499999995
chr6	106775000	106800000	chr6	107300000	107325000	4.806536294400001
chr6	142450000	142475000	chr6	142850000	142875000	3.972528772
chr6	154475000	154500000	chr6	154975000	155000000	4.384226595833334
chr6	142450000	142475000	chr6	142700000	142725000	6.143133515999999
chr6	131500000	131525000	chr6	131850000	131875000	5.956956515999999
chr6	133875000	133900000	chr6	134400000	134425000	4.874688576
chr6	85000000	85025000	chr6	85250000	85275000	4.910198964
chr6	97500000	97525000	chr6	97825000	97850000	6.537150437499999
chr6	122800000	122825000	chr6	123150000	123175000	6.02604652173913
chr6	123725000	123750000	chr6	124025000	124050000	9.112312045833331
chr6	91200000	91225000	chr6	91575000	91600000	3.9325667099999997
chr6	165850000	165875000	chr6	166250000	166275000	5.655500860000001
chr7	100290000	100300000	chr7	100450000	100460000	13.95774175
chr7	100485000	100490000	chr7	100715000	100720000	28.827307
chr7	100490000	100500000	chr7	100920000	100930000	8.766193625
chr7	100790000	100795000	chr7	100920000	100925000	27.563778
chr7	1010000	1020000	chr7	1200000	1210000	16.814384999999998
chr7	103210000	103220000	chr7	103390000	103400000	13.377186250000001
chr7	105280000	105285000	chr7	105680000	105685000	13.45996
chr7	105400000	105410000	chr7	105680000	105690000	13.362583999999998
chr7	105810000	105820000	chr7	106290000	106300000	6.14992085
chr7	105815000	105820000	chr7	106100000	106105000	16.709934
chr7	105820000	105830000	chr7	105990000	106000000	14.0499985
chr7	106180000	106185000	chr7	106375000	106380000	23.920952
chr7	106430000	106440000	chr7	106580000	106590000	15.067813999999998
chr7	106430000	106440000	chr7	106790000	106800000	11.39801
chr7	106585000	106590000	chr7	106785000	106790000	29.149246
chr7	107090000	107100000	chr7	107360000	107370000	9.413504750000001
chr7	107090000	107100000	chr7	107510000	107520000	7.399017475
chr7	107380000	107390000	chr7	107510000	107520000	19.386139749999998
chr7	107820000	107825000	chr7	108135000	108140000	24.152843
chr7	110730000	110740000	chr7	111120000	111130000	8.2372524
chr7	110960000	110970000	chr7	111370000	111380000	5.640239475
chr7	111120000	111130000	chr7	111360000	111370000	8.724243874999999
chr7	112180000	112190000	chr7	112530000	112540000	10.941397375000001
chr7	115800000	115810000	chr7	116230000	116240000	11.604520675
chr7	115900000	115910000	chr7	116440000	116450000	7.168386475
chr7	115905000	115910000	chr7	116230000	116235000	18.607035
chr7	116230000	116235000	chr7	116450000	116455000	21.016651
chr7	116565000	116570000	chr7	116750000	116755000	20.285036
chr7	116625000	116630000	chr7	116760000	116765000	27.16883
chr7	120440000	120450000	chr7	120740000	120750000	9.88807975
chr7	121000000	121010000	chr7	121180000	121190000	23.446734
chr7	123300000	123310000	chr7	123490000	123500000	10.854657750000001
chr7	127350000	127355000	chr7	127845000	127850000	17.612843
chr7	128110000	128115000	chr7	128520000	128525000	17.637207
chr7	128310000	128320000	chr7	128500000	128510000	11.022357249999999
chr7	128550000	128560000	chr7	128840000	128850000	9.700079
chr7	129300000	129305000	chr7	129650000	129655000	18.490555
chr7	129305000	129310000	chr7	129465000	129470000	36.338905
chr7	129465000	129470000	chr7	129650000	129655000	25.934954
chr7	129710000	129720000	chr7	129900000	129910000	12.07881375
chr7	132000000	132010000	chr7	132270000	132280000	10.10512275
chr7	134125000	134130000	chr7	134285000	134290000	12.705876
chr7	134310000	134320000	chr7	134630000	134640000	13.894452
chr7	135485000	135490000	chr7	135690000	135695000	27.907738
chr7	137330000	137340000	chr7	137690000	137700000	9.068341325
chr7	137340000	137345000	chr7	137580000	137585000	20.331135
chr7	139180000	139190000	chr7	139700000	139710000	11.646087
chr7	139325000	139330000	chr7	139700000	139705000	23.030539
chr7	139470000	139480000	chr7	139700000	139710000	13.59627325
chr7	139700000	139710000	chr7	140000000	140010000	10.9031135
chr7	140215000	140220000	chr7	140355000	140360000	22.130566
chr7	140510000	140520000	chr7	140670000	140680000	14.227412999999999
chr7	142565000	142570000	chr7	142695000	142700000	23.786356
chr7	142570000	142580000	chr7	142910000	142920000	9.34255875
chr7	142700000	142705000	chr7	142915000	142920000	28.058264
chr7	148190000	148200000	chr7	148660000	148670000	10.79123925
chr7	148270000	148280000	chr7	148660000	148670000	11.336584250000001
chr7	149980000	149990000	chr7	150110000	150120000	21.18583825
chr7	150140000	150150000	chr7	150450000	150460000	14.293031249999999
chr7	150475000	150480000	chr7	150680000	150685000	14.632392
chr7	154710000	154720000	chr7	155140000	155150000	12.636826250000002
chr7	154970000	154980000	chr7	155130000	155140000	21.502824
chr7	1610000	1620000	chr7	1800000	1810000	14.929196999999998
chr7	16300000	16310000	chr7	16680000	16690000	8.00111175
chr7	16730000	16740000	chr7	16950000	16960000	14.29176725
chr7	21295000	21300000	chr7	21545000	21550000	22.521725
chr7	22145000	22150000	chr7	22525000	22530000	31.96442
chr7	22150000	22160000	chr7	22330000	22340000	15.896707750000001
chr7	22590000	22600000	chr7	23090000	23100000	10.83136125
chr7	22600000	22610000	chr7	22760000	22770000	16.892478
chr7	23310000	23320000	chr7	23580000	23590000	15.560690625
chr7	23610000	23615000	chr7	23740000	23745000	24.141037
chr7	24850000	24860000	chr7	25130000	25140000	23.760188999999997
chr7	25295000	25300000	chr7	25425000	25430000	35.71544
chr7	25300000	25305000	chr7	25600000	25605000	23.97675
chr7	25425000	25430000	chr7	25600000	25605000	34.94067
chr7	25930000	25940000	chr7	26100000	26110000	16.845937125
chr7	25930000	25940000	chr7	26400000	26410000	15.74540725
chr7	26405000	26410000	chr7	26540000	26545000	27.311357
chr7	26405000	26410000	chr7	26705000	26710000	24.242676
chr7	28960000	28970000	chr7	29440000	29450000	15.018679000000002
chr7	28965000	28970000	chr7	29140000	29145000	33.160805
chr7	2920000	2930000	chr7	3190000	3200000	21.16150775
chr7	30780000	30785000	chr7	31015000	31020000	22.467268
chr7	30840000	30845000	chr7	31010000	31015000	22.35321
chr7	31020000	31025000	chr7	31160000	31165000	29.652073
chr7	32240000	32250000	chr7	32520000	32530000	8.89653545
chr7	35740000	35750000	chr7	35940000	35950000	21.110758249999996
chr7	36020000	36030000	chr7	36330000	36340000	18.60853025
chr7	36330000	36340000	chr7	36710000	36720000	6.978495675
chr7	37940000	37950000	chr7	38260000	38270000	10.48584475
chr7	38250000	38260000	chr7	38380000	38390000	19.051304249999998
chr7	38970000	38980000	chr7	39500000	39510000	10.48527975
chr7	39620000	39625000	chr7	39780000	39785000	34.53658
chr7	39930000	39940000	chr7	40090000	40100000	19.31516575
chr7	42980000	42990000	chr7	43140000	43150000	18.40225675
chr7	45010000	45020000	chr7	45160000	45170000	14.750972749999999
chr7	45690000	45700000	chr7	45900000	45910000	13.011021000000001
chr7	47980000	47990000	chr7	48140000	48150000	21.81365725
chr7	51230000	51240000	chr7	51430000	51440000	13.189026100000001
chr7	54855000	54860000	chr7	55320000	55325000	23.482878
chr7	5530000	5535000	chr7	5710000	5715000	31.431238
chr7	7140000	7150000	chr7	7580000	7590000	13.134862
chr7	73020000	73025000	chr7	73145000	73150000	35.688587
chr7	73020000	73030000	chr7	73260000	73270000	8.92960335
chr7	73280000	73290000	chr7	73430000	73440000	18.784404000000002
chr7	73280000	73290000	chr7	73810000	73820000	7.010206575000001
chr7	73450000	73460000	chr7	73810000	73820000	14.189217750000001
chr7	73470000	73480000	chr7	73610000	73620000	22.20817325
chr7	73620000	73625000	chr7	73815000	73820000	31.14363
chr7	73830000	73840000	chr7	73980000	73990000	21.186635250000002
chr7	75495000	75500000	chr7	75650000	75655000	33.400795
chr7	75805000	75810000	chr7	75940000	75945000	27.609917
chr7	86540000	86550000	chr7	86850000	86860000	11.235753
chr7	86560000	86570000	chr7	86770000	86780000	17.35401725
chr7	92250000	92255000	chr7	92680000	92685000	21.945232
chr7	92310000	92320000	chr7	92680000	92690000	10.906581000000001
chr7	92870000	92880000	chr7	93170000	93180000	11.861262875
chr7	95140000	95150000	chr7	95310000	95320000	23.613723
chr7	95170000	95175000	chr7	95310000	95315000	28.84703
chr7	95350000	95360000	chr7	95490000	95500000	22.26517275
chr7	97650000	97655000	chr7	97785000	97790000	26.339592
chr7	97925000	97930000	chr7	98435000	98440000	14.2390585
chr7	98060000	98065000	chr7	98375000	98380000	24.958797
chr7	98060000	98065000	chr7	98435000	98440000	29.49231
chr7	98635000	98640000	chr7	98905000	98910000	30.524895
chr7	99590000	99595000	chr7	99725000	99730000	20.082485
chr7	130575000	130600000	chr7	130700000	130725000	14.353146679999995
chr7	128550000	128575000	chr7	128725000	128750000	12.8389972
chr7	50525000	50550000	chr7	50650000	50675000	13.96219568
chr7	128050000	128075000	chr7	128500000	128525000	7.993351944
chr7	4850000	4875000	chr7	5125000	5150000	12.0584312
chr7	104275000	104300000	chr7	104475000	104500000	9.718608532000001
chr7	1250000	1275000	chr7	1425000	1450000	17.58668114
chr7	44275000	44300000	chr7	44500000	44525000	11.016831624000003
chr7	44625000	44650000	chr7	44950000	44975000	10.062802212
chr7	36500000	36525000	chr7	36700000	36725000	10.61399312
chr7	128975000	129000000	chr7	129275000	129300000	9.3731171
chr7	134950000	134975000	chr7	135450000	135475000	6.203755544
chr7	105375000	105400000	chr7	105775000	105800000	5.244046216
chr7	25600000	25625000	chr7	25875000	25900000	9.68908538
chr7	30825000	30850000	chr7	31150000	31175000	6.810211488000001
chr7	106825000	106850000	chr7	107350000	107375000	6.0657731880000005
chr7	128975000	129000000	chr7	129450000	129475000	5.5644793240000014
chr7	43500000	43525000	chr7	43875000	43900000	7.97787198
chr7	38150000	38175000	chr7	38350000	38375000	9.862980512
chr7	73275000	73300000	chr7	73600000	73625000	5.939961188000002
chr7	30300000	30325000	chr7	30575000	30600000	8.49515942
chr7	27225000	27250000	chr7	27600000	27625000	7.746014763999999
chr7	29775000	29800000	chr7	29950000	29975000	12.543287932000004
chr7	134325000	134350000	chr7	134850000	134875000	4.505533839999999
chr7	38450000	38475000	chr7	38675000	38700000	8.211761792
chr7	77275000	77300000	chr7	77550000	77575000	8.727555304
chr7	44875000	44900000	chr7	45150000	45175000	7.232994368
chr7	112650000	112675000	chr7	112925000	112950000	8.200709792
chr7	77275000	77300000	chr7	77650000	77675000	6.041272951999999
chr7	5400000	5425000	chr7	5725000	5750000	6.77118874
chr7	42975000	43000000	chr7	43275000	43300000	7.615004344
chr7	24325000	24350000	chr7	24700000	24725000	7.572031028000001
chr7	16100000	16125000	chr7	16600000	16625000	7.012875988000001
chr7	37000000	37025000	chr7	37225000	37250000	10.557202856000002
chr7	43475000	43500000	chr7	43725000	43750000	7.488751684000001
chr7	16150000	16175000	chr7	16450000	16475000	7.248163407999998
chr7	90900000	90925000	chr7	91250000	91275000	7.166712184
chr7	97125000	97150000	chr7	97450000	97475000	7.687447215999999
chr7	93525000	93550000	chr7	93700000	93725000	8.88241394
chr7	28425000	28450000	chr7	28650000	28675000	9.025876364
chr7	12100000	12125000	chr7	12325000	12350000	7.925455500000002
chr7	26875000	26900000	chr7	27150000	27175000	8.097008752
chr7	29775000	29800000	chr7	30100000	30125000	7.326136431999999
chr7	23300000	23325000	chr7	23725000	23750000	5.298781956
chr7	26725000	26750000	chr7	27150000	27175000	7.381875370833334
chr7	55325000	55350000	chr7	55650000	55675000	6.097793592
chr7	44625000	44650000	chr7	45150000	45175000	4.462834267999999
chr7	25425000	25450000	chr7	25875000	25900000	5.709755593600001
chr7	140500000	140525000	chr7	140925000	140950000	3.9028825399999993
chr7	31225000	31250000	chr7	31525000	31550000	7.093999434782609
chr7	112650000	112675000	chr7	113050000	113075000	6.826484932000002
chr7	87400000	87425000	chr7	87725000	87750000	7.014244199999999
chr7	28425000	28450000	chr7	28875000	28900000	6.7615291840000005
chr7	89775000	89800000	chr7	90025000	90050000	9.925613784
chr7	34950000	34975000	chr7	35075000	35100000	11.120990891666667
chr7	50175000	50200000	chr7	50625000	50650000	5.0625324
chr7	84100000	84125000	chr7	84625000	84650000	7.748031245454545
chr7	12100000	12125000	chr7	12525000	12550000	7.5143321363636355
chr7	20800000	20825000	chr7	21275000	21300000	6.708888779166667
chr7	95150000	95175000	chr7	95500000	95525000	5.209362081818181
chr7	120750000	120775000	chr7	121175000	121200000	3.2893416104347835
chr8	101160000	101170000	chr8	101540000	101550000	10.644582750000001
chr8	101570000	101580000	chr8	101840000	101850000	12.426612500000001
chr8	101695000	101700000	chr8	101835000	101840000	26.163906
chr8	101850000	101860000	chr8	102300000	102310000	8.4707127
chr8	102340000	102350000	chr8	102640000	102650000	9.145097625
chr8	102660000	102670000	chr8	103200000	103210000	8.797569625
chr8	103650000	103660000	chr8	103820000	103830000	16.286296
chr8	10445000	10450000	chr8	10680000	10685000	35.372353
chr8	10510000	10520000	chr8	10670000	10680000	18.110197499999998
chr8	105520000	105530000	chr8	105680000	105690000	16.29656875
chr8	105525000	105530000	chr8	105775000	105780000	19.78108
chr8	106940000	106950000	chr8	107200000	107210000	10.556764375
chr8	10780000	10790000	chr8	11130000	11140000	8.292167574999999
chr8	108080000	108090000	chr8	108540000	108550000	11.147106225
chr8	11270000	11280000	chr8	11400000	11410000	13.39499725
chr8	11425000	11430000	chr8	11595000	11600000	18.308044
chr8	11425000	11430000	chr8	11810000	11815000	17.297064
chr8	11610000	11620000	chr8	11810000	11820000	15.26323575
chr8	120880000	120890000	chr8	121090000	121100000	17.000888249999996
chr8	121110000	121120000	chr8	121420000	121430000	10.950474075
chr8	123690000	123700000	chr8	124230000	124240000	6.12819555
chr8	124490000	124500000	chr8	124700000	124710000	12.934131625
chr8	124500000	124510000	chr8	124770000	124780000	11.43152425
chr8	124830000	124840000	chr8	125020000	125030000	9.694458749999999
chr8	125060000	125070000	chr8	125430000	125440000	8.85471675
chr8	126130000	126140000	chr8	126440000	126450000	10.51665375
chr8	126130000	126140000	chr8	126650000	126660000	9.53757455
chr8	12720000	12730000	chr8	12880000	12890000	13.04304685
chr8	128740000	128750000	chr8	129190000	129200000	6.629344575
chr8	133885000	133890000	chr8	134215000	134220000	17.29562
chr8	134215000	134220000	chr8	134460000	134465000	18.267618
chr8	135490000	135500000	chr8	135670000	135680000	9.34143575
chr8	135700000	135710000	chr8	135890000	135900000	13.71382225
chr8	139780000	139790000	chr8	139940000	139950000	15.60855625
chr8	140030000	140040000	chr8	140350000	140360000	7.1753006
chr8	140410000	140420000	chr8	140650000	140660000	9.19361825
chr8	141475000	141480000	chr8	141645000	141650000	31.049515
chr8	141670000	141680000	chr8	142180000	142190000	7.087652525
chr8	141830000	141840000	chr8	142080000	142090000	11.865949624999999
chr8	141830000	141840000	chr8	142170000	142180000	9.600778925
chr8	143940000	143950000	chr8	144120000	144130000	15.90986475
chr8	144460000	144470000	chr8	144610000	144620000	21.106885499999997
chr8	145740000	145750000	chr8	146020000	146030000	12.38201825
chr8	17580000	17585000	chr8	17770000	17775000	17.463198
chr8	1840000	1845000	chr8	1970000	1975000	27.673372
chr8	18770000	18780000	chr8	19120000	19130000	11.402635649999999
chr8	19720000	19730000	chr8	19980000	19990000	11.54176675
chr8	20085000	20090000	chr8	20230000	20235000	32.728863
chr8	2200000	2210000	chr8	2340000	2350000	12.553927375
chr8	22280000	22290000	chr8	22450000	22460000	18.3487985
chr8	22480000	22490000	chr8	22620000	22630000	13.654181125000001
chr8	22480000	22490000	chr8	22760000	22770000	14.343686250000001
chr8	23330000	23335000	chr8	23550000	23555000	21.915014
chr8	26530000	26540000	chr8	27060000	27070000	9.46749635
chr8	27170000	27180000	chr8	27450000	27460000	10.723522249999998
chr8	27320000	27325000	chr8	27455000	27460000	27.621527
chr8	27915000	27920000	chr8	28185000	28190000	20.862904
chr8	29190000	29200000	chr8	29580000	29590000	11.067479875
chr8	37640000	37650000	chr8	37770000	37780000	11.013947824999999
chr8	37640000	37650000	chr8	37920000	37930000	6.3932436500000005
chr8	38270000	38275000	chr8	38570000	38575000	19.109407
chr8	38680000	38690000	chr8	38820000	38830000	19.077395250000002
chr8	39740000	39750000	chr8	40050000	40060000	9.364325099999999
chr8	41555000	41560000	chr8	41685000	41690000	19.44898
chr8	41850000	41855000	chr8	41995000	42000000	21.75599
chr8	42025000	42030000	chr8	42245000	42250000	19.059881
chr8	42270000	42275000	chr8	42530000	42535000	21.806648
chr8	42950000	42960000	chr8	43120000	43130000	9.67428975
chr8	53020000	53030000	chr8	53400000	53410000	8.755536249999999
chr8	55080000	55090000	chr8	55340000	55350000	9.99057955
chr8	57880000	57890000	chr8	58020000	58030000	12.259576175
chr8	60960000	60970000	chr8	61310000	61320000	11.067433000000001
chr8	61040000	61050000	chr8	61310000	61320000	9.9490189
chr8	6275000	6280000	chr8	6635000	6640000	20.157707
chr8	64060000	64070000	chr8	64200000	64210000	8.612839175000001
chr8	66670000	66680000	chr8	66940000	66950000	10.535592
chr8	66970000	66980000	chr8	67330000	67340000	10.338921325000001
chr8	67370000	67380000	chr8	67520000	67530000	13.44909525
chr8	67830000	67840000	chr8	67970000	67980000	12.209728250000001
chr8	70860000	70870000	chr8	70990000	71000000	13.818269749999999
chr8	71060000	71070000	chr8	71440000	71450000	13.179741250000001
chr8	72740000	72750000	chr8	72870000	72880000	11.030461124999999
chr8	72740000	72750000	chr8	73070000	73080000	9.660112375
chr8	74220000	74230000	chr8	74540000	74550000	8.099964925
chr8	80590000	80600000	chr8	80940000	80950000	14.3950045
chr8	81000000	81005000	chr8	81140000	81145000	14.632666
chr8	8130000	8140000	chr8	8520000	8530000	13.87524925
chr8	81520000	81530000	chr8	81900000	81910000	9.233297625
chr8	81910000	81920000	chr8	82140000	82150000	13.309235875
chr8	8600000	8610000	chr8	8840000	8850000	13.66430375
chr8	87130000	87140000	chr8	87350000	87360000	9.42082325
chr8	8880000	8890000	chr8	9190000	9200000	10.89503285
chr8	94700000	94710000	chr8	94980000	94990000	11.094240325
chr8	96900000	96910000	chr8	97170000	97180000	11.2540655
chr8	98280000	98290000	chr8	98560000	98570000	9.813861
chr8	98740000	98750000	chr8	99050000	99060000	9.498731
chr8	99170000	99180000	chr8	99480000	99490000	10.702821400000001
chr8	142175000	142200000	chr8	142375000	142400000	11.531165780000002
chr8	99175000	99200000	chr8	99350000	99375000	9.744717392
chr8	110350000	110375000	chr8	110650000	110675000	7.694640783999998
chr8	37225000	37250000	chr8	37575000	37600000	5.551656852
chr8	94825000	94850000	chr8	94950000	94975000	9.730169543999999
chr8	141200000	141225000	chr8	141400000	141425000	7.870752467999999
chr8	124925000	124950000	chr8	125425000	125450000	6.333322623999999
chr8	95800000	95825000	chr8	96025000	96050000	5.618878884
chr8	141675000	141700000	chr8	142075000	142100000	5.657374232
chr8	90725000	90750000	chr8	90975000	91000000	6.095504204
chr8	61325000	61350000	chr8	61525000	61550000	7.369261772
chr8	101925000	101950000	chr8	102300000	102325000	5.661187224
chr8	41825000	41850000	chr8	42225000	42250000	5.315825719999999
chr8	42250000	42275000	chr8	42650000	42675000	5.730052083999999
chr8	27700000	27725000	chr8	28175000	28200000	4.840916812
chr8	52750000	52775000	chr8	52900000	52925000	9.320468044
chr8	135475000	135500000	chr8	135875000	135900000	4.668517103999999
chr8	17450000	17475000	chr8	17750000	17775000	4.98142442
chr8	39875000	39900000	chr8	40050000	40075000	9.784491779999998
chr8	9225000	9250000	chr8	9675000	9700000	7.251289227999999
chr8	22275000	22300000	chr8	22750000	22775000	3.956343204
chr8	30500000	30525000	chr8	31025000	31050000	4.646316664
chr8	2200000	2225000	chr8	2650000	2675000	3.058881134000001
chr8	17175000	17200000	chr8	17550000	17575000	5.7033918759999995
chr8	18050000	18075000	chr8	18400000	18425000	5.266013760000001
chr8	99550000	99575000	chr8	100000000	100025000	5.656345736
chr8	117775000	117800000	chr8	118050000	118075000	4.040159662499999
chr8	23700000	23725000	chr8	24050000	24075000	6.257786048000001
chr8	26225000	26250000	chr8	26500000	26525000	5.7211175333333335
chr8	133200000	133225000	chr8	133475000	133500000	5.62776928
chr8	11250000	11275000	chr8	11575000	11600000	4.398472364000001
chr8	53025000	53050000	chr8	53300000	53325000	6.1559751799999995
chr8	42550000	42575000	chr8	42900000	42925000	4.058530152
chr8	26525000	26550000	chr8	26925000	26950000	5.447284047999999
chr8	99700000	99725000	chr8	100000000	100025000	6.750316620000001
chr8	62150000	62175000	chr8	62375000	62400000	6.597401156
chr8	104100000	104125000	chr8	104500000	104525000	6.79811824
chr8	109925000	109950000	chr8	110325000	110350000	6.260090939999999
chr8	139175000	139200000	chr8	139675000	139700000	4.0833684664000005
chr8	57875000	57900000	chr8	58250000	58275000	4.1175331875
chr8	141825000	141850000	chr8	142325000	142350000	3.1237140135999995
chr8	72725000	72750000	chr8	73175000	73200000	4.388330472000001
chr8	70575000	70600000	chr8	70975000	71000000	3.4452052240000004
chr8	140200000	140225000	chr8	140625000	140650000	4.129004754166668
chr8	117650000	117675000	chr8	118050000	118075000	2.63987169875
chr8	52575000	52600000	chr8	52900000	52925000	5.124663808333334
chr8	75250000	75275000	chr8	75750000	75775000	4.926034120000001
chr8	13225000	13250000	chr8	13500000	13525000	7.005941454166668
chr8	47125000	47150000	chr8	47325000	47350000	6.1737624291666675
chr10	100180000	100190000	chr10	100410000	100420000	13.684510000000001
chr10	101600000	101610000	chr10	101800000	101810000	22.1614395
chr10	102100000	102105000	chr10	102265000	102270000	21.371918
chr10	103060000	103065000	chr10	103325000	103330000	23.075117
chr10	103060000	103070000	chr10	103190000	103200000	19.2620255
chr10	103360000	103365000	chr10	103540000	103545000	34.646183
chr10	103985000	103990000	chr10	104110000	104115000	29.017363
chr10	104480000	104490000	chr10	104660000	104670000	15.91396675
chr10	104590000	104600000	chr10	104830000	104840000	13.74287375
chr10	104675000	104680000	chr10	104825000	104830000	31.363209
chr10	104675000	104680000	chr10	105000000	105005000	18.565042
chr10	105470000	105480000	chr10	105610000	105620000	23.60508
chr10	111895000	111900000	chr10	112040000	112045000	32.316868
chr10	112070000	112080000	chr10	112300000	112310000	20.126842500000002
chr10	115460000	115470000	chr10	115860000	115870000	12.031029925
chr10	115550000	115560000	chr10	115860000	115870000	14.389695999999999
chr10	11555000	11560000	chr10	11765000	11770000	35.513775
chr10	11835000	11840000	chr10	12020000	12025000	20.367176
chr10	118560000	118570000	chr10	118930000	118940000	19.102191
chr10	120320000	120330000	chr10	120470000	120480000	13.876894749999998
chr10	120325000	120330000	chr10	120565000	120570000	18.852514
chr10	120950000	120960000	chr10	121170000	121180000	16.3659125
chr10	12300000	12310000	chr10	12750000	12760000	9.836575325
chr10	124050000	124060000	chr10	124190000	124200000	23.635892249999998
chr10	124800000	124810000	chr10	125140000	125150000	12.212819
chr10	124800000	124810000	chr10	125310000	125320000	15.161213499999999
chr10	125340000	125345000	chr10	125725000	125730000	28.680935
chr10	125750000	125760000	chr10	126070000	126080000	17.86969225
chr10	126220000	126230000	chr10	126420000	126430000	14.807627
chr10	134030000	134040000	chr10	134170000	134180000	20.918575875
chr10	134035000	134040000	chr10	134265000	134270000	22.424866
chr10	13410000	13415000	chr10	13555000	13560000	21.60113
chr10	13410000	13420000	chr10	13810000	13820000	6.989836775
chr10	134270000	134275000	chr10	134445000	134450000	31.79388
chr10	134750000	134760000	chr10	134930000	134940000	22.550689499999997
chr10	15475000	15480000	chr10	15765000	15770000	19.08956
chr10	16885000	16890000	chr10	17295000	17300000	26.001009
chr10	21365000	21370000	chr10	21560000	21565000	24.296345
chr10	27020000	27030000	chr10	27160000	27170000	15.6928595
chr10	27180000	27185000	chr10	27640000	27645000	62.307594
chr10	28530000	28540000	chr10	28680000	28690000	14.89770725
chr10	28955000	28960000	chr10	29275000	29280000	19.963379
chr10	30675000	30680000	chr10	30875000	30880000	26.65466
chr10	30680000	30685000	chr10	30820000	30825000	29.55211
chr10	32130000	32140000	chr10	32290000	32300000	14.842701499999999
chr10	33085000	33090000	chr10	33295000	33300000	25.34799
chr10	43130000	43140000	chr10	43270000	43280000	12.39354375
chr10	43785000	43790000	chr10	43955000	43960000	22.224876
chr10	45730000	45740000	chr10	45930000	45940000	8.6699145
chr10	4890000	4895000	chr10	5315000	5320000	16.746262
chr10	4890000	4900000	chr10	5020000	5030000	18.190257000000003
chr10	49570000	49575000	chr10	49710000	49715000	25.725073
chr10	50180000	50185000	chr10	50725000	50730000	13.914226
chr10	50200000	50210000	chr10	50360000	50370000	10.71295125
chr10	52080000	52090000	chr10	52310000	52320000	8.359481675
chr10	5485000	5490000	chr10	5660000	5665000	27.100594
chr10	59940000	59950000	chr10	60140000	60150000	7.505850649999999
chr10	61380000	61390000	chr10	61800000	61810000	6.54707625
chr10	61385000	61390000	chr10	61565000	61570000	18.137604
chr10	6150000	6160000	chr10	6430000	6440000	11.97220325
chr10	61870000	61880000	chr10	62190000	62200000	12.365725625
chr10	61970000	61980000	chr10	62190000	62200000	13.6113405
chr10	62000000	62010000	chr10	62190000	62200000	13.111012250000002
chr10	62210000	62220000	chr10	62380000	62390000	9.60031265
chr10	62570000	62580000	chr10	62720000	62730000	13.262823175
chr10	62570000	62580000	chr10	63040000	63050000	9.05561525
chr10	6460000	6465000	chr10	6715000	6720000	22.603407
chr10	6480000	6490000	chr10	6620000	6630000	14.8056285
chr10	69610000	69620000	chr10	69910000	69920000	13.237106749999999
chr10	70310000	70320000	chr10	70470000	70480000	11.277663
chr10	70750000	70760000	chr10	71160000	71170000	5.979774375
chr10	70990000	70995000	chr10	71145000	71150000	25.87151
chr10	70990000	71000000	chr10	71260000	71270000	9.0358912
chr10	71170000	71180000	chr10	71390000	71400000	7.852814250000001
chr10	71975000	71980000	chr10	72120000	72125000	26.731222
chr10	72305000	72310000	chr10	72640000	72645000	19.914948
chr10	72310000	72315000	chr10	72520000	72525000	20.407839
chr10	72680000	72690000	chr10	73040000	73050000	12.620635374999999
chr10	73070000	73075000	chr10	73460000	73465000	15.29221
chr10	73070000	73080000	chr10	73330000	73340000	10.881593749999999
chr10	73070000	73080000	chr10	73570000	73580000	7.521732825
chr10	73140000	73150000	chr10	73460000	73470000	11.1465925
chr10	73655000	73660000	chr10	74095000	74100000	12.571574
chr10	73660000	73670000	chr10	73800000	73810000	15.054167249999999
chr10	73800000	73810000	chr10	74090000	74100000	11.493749000000001
chr10	74120000	74130000	chr10	74590000	74600000	15.761795249999999
chr10	74990000	75000000	chr10	75400000	75410000	6.866035525
chr10	7560000	7570000	chr10	7730000	7740000	13.964522500000001
chr10	75640000	75645000	chr10	75845000	75850000	15.729379
chr10	78925000	78930000	chr10	79405000	79410000	17.752645
chr10	79605000	79610000	chr10	79730000	79735000	21.64674
chr10	81320000	81330000	chr10	81690000	81700000	9.95926025
chr10	82460000	82465000	chr10	82620000	82625000	23.562328
chr10	86025000	86030000	chr10	86290000	86295000	20.213406
chr10	86110000	86120000	chr10	86290000	86300000	14.303188500000001
chr10	86140000	86150000	chr10	86290000	86300000	16.13098175
chr10	88155000	88160000	chr10	88340000	88345000	24.39541
chr10	88465000	88470000	chr10	88660000	88665000	26.536366
chr10	90780000	90790000	chr10	90970000	90980000	20.784564
chr10	93845000	93850000	chr10	94190000	94195000	26.947683
chr10	94450000	94460000	chr10	94590000	94600000	20.755028250000002
chr10	96890000	96900000	chr10	97120000	97130000	12.470759
chr10	97125000	97130000	chr10	97360000	97365000	17.570652
chr10	97190000	97195000	chr10	97360000	97365000	29.31168
chr10	97450000	97460000	chr10	97600000	97610000	18.47452525
chr10	98830000	98840000	chr10	98960000	98970000	17.87989975
chr10	98830000	98840000	chr10	99110000	99120000	7.661090424999999
chr10	80675000	80700000	chr10	80950000	80975000	8.130019279999999
chr10	50175000	50200000	chr10	50575000	50600000	6.807167028
chr10	70750000	70775000	chr10	70975000	71000000	7.331687303999998
chr10	6225000	6250000	chr10	6425000	6450000	11.390083028
chr10	102300000	102325000	chr10	102625000	102650000	9.86500466
chr10	118975000	119000000	chr10	119200000	119225000	9.441562507999999
chr10	102950000	102975000	chr10	103325000	103350000	8.813119744
chr10	30275000	30300000	chr10	30525000	30550000	10.383022744000002
chr10	82450000	82475000	chr10	82675000	82700000	8.382123484
chr10	35275000	35300000	chr10	35500000	35525000	5.764756804000001
chr10	6950000	6975000	chr10	7450000	7475000	6.5616352199999985
chr10	43600000	43625000	chr10	43950000	43975000	5.434397308
chr10	12750000	12775000	chr10	13100000	13125000	8.254216836000001
chr10	69600000	69625000	chr10	70050000	70075000	5.759670376
chr10	97775000	97800000	chr10	98050000	98075000	10.273800588000002
chr10	23600000	23625000	chr10	23800000	23825000	7.799985376
chr10	33075000	33100000	chr10	33400000	33425000	7.0323511960000005
chr10	64750000	64775000	chr10	64900000	64925000	6.433089824000001
chr10	113875000	113900000	chr10	114050000	114075000	7.368737473599998
chr10	92750000	92775000	chr10	93000000	93025000	11.787320428000001
chr10	27725000	27750000	chr10	27925000	27950000	8.693327147999998
chr10	17325000	17350000	chr10	17625000	17650000	6.0368366039999986
chr10	21150000	21175000	chr10	21550000	21575000	5.091572220833334
chr10	95300000	95325000	chr10	95425000	95450000	10.932017988
chr10	104475000	104500000	chr10	104800000	104825000	6.861617727999999
chr10	105650000	105675000	chr10	105950000	105975000	6.817622156
chr10	22275000	22300000	chr10	22800000	22825000	4.4685859279999995
chr10	26600000	26625000	chr10	26825000	26850000	7.906685799999999
chr10	105350000	105375000	chr10	105625000	105650000	6.479184151999998
chr10	14575000	14600000	chr10	15000000	15025000	6.318942460000001
chr10	64375000	64400000	chr10	64900000	64925000	4.354216568
chr10	63225000	63250000	chr10	63600000	63625000	3.6487798724
chr10	134025000	134050000	chr10	134425000	134450000	6.6053628479999995
chr10	89600000	89625000	chr10	89850000	89875000	7.2191062079999995
chr10	111900000	111925000	chr10	112300000	112325000	3.8888464999999997
chr10	5975000	6000000	chr10	6425000	6450000	4.788530816
chr10	92650000	92675000	chr10	93000000	93025000	8.235130324000002
chr10	118425000	118450000	chr10	118925000	118950000	6.165902345833332
chr10	32125000	32150000	chr10	32475000	32500000	6.090300366666667
chr10	91025000	91050000	chr10	91300000	91325000	6.786206999999999
chr10	116625000	116650000	chr10	116875000	116900000	6.841479759999999
chr10	97125000	97150000	chr10	97625000	97650000	3.900932341304348
chr11	100440000	100450000	chr11	100800000	100810000	18.2381765
chr11	10420000	10430000	chr11	10670000	10680000	14.6063575
chr11	10425000	10430000	chr11	10755000	10760000	24.428802
chr11	107990000	108000000	chr11	108520000	108530000	10.79615
chr11	10810000	10815000	chr11	11040000	11045000	31.580637
chr11	110070000	110080000	chr11	110240000	110250000	18.625414250000002
chr11	110070000	110080000	chr11	110300000	110310000	13.134922125
chr11	111150000	111160000	chr11	111300000	111310000	13.12636225
chr11	111450000	111460000	chr11	111710000	111720000	15.662080125
chr11	111470000	111475000	chr11	111645000	111650000	26.754694
chr11	111980000	111990000	chr11	112150000	112160000	10.59295225
chr11	113180000	113190000	chr11	113400000	113410000	8.95764975
chr11	113180000	113190000	chr11	113590000	113600000	7.816268075
chr11	113760000	113770000	chr11	114130000	114140000	10.898428
chr11	113860000	113870000	chr11	114130000	114140000	20.49848425
chr11	113900000	113910000	chr11	114050000	114060000	15.213678
chr11	113900000	113910000	chr11	114130000	114140000	18.85817875
chr11	116750000	116755000	chr11	116970000	116975000	26.104092
chr11	117690000	117695000	chr11	117815000	117820000	30.672785
chr11	117705000	117710000	chr11	117920000	117925000	21.65203
chr11	117790000	117800000	chr11	117920000	117930000	18.2928975
chr11	118060000	118070000	chr11	118220000	118230000	17.288226
chr11	11820000	11830000	chr11	12060000	12070000	12.78567025
chr11	120040000	120045000	chr11	120170000	120175000	20.6946
chr11	120380000	120390000	chr11	120550000	120560000	15.307548749999999
chr11	12070000	12075000	chr11	12305000	12310000	27.032972
chr11	12110000	12120000	chr11	12250000	12260000	21.503814000000002
chr11	121110000	121120000	chr11	121460000	121470000	8.4525376
chr11	121190000	121200000	chr11	121460000	121470000	10.09029475
chr11	122980000	122990000	chr11	123120000	123130000	15.427160749999999
chr11	124280000	124290000	chr11	124450000	124460000	16.959968000000003
chr11	12430000	12440000	chr11	12910000	12920000	15.840608249999999
chr11	124540000	124550000	chr11	124700000	124710000	14.3812915
chr11	125800000	125805000	chr11	126065000	126070000	20.99068
chr11	12620000	12630000	chr11	12900000	12910000	14.73647
chr11	128040000	128050000	chr11	128490000	128500000	10.3115354
chr11	129785000	129790000	chr11	130000000	130005000	26.967619
chr11	12980000	12990000	chr11	13360000	13370000	7.348475325
chr11	13000000	13010000	chr11	13130000	13140000	16.053531
chr11	130080000	130090000	chr11	130290000	130300000	16.734036
chr11	130300000	130310000	chr11	130730000	130740000	22.59094625
chr11	13230000	13240000	chr11	13360000	13370000	14.793853000000002
chr11	13800000	13810000	chr11	14260000	14270000	8.7375279
chr11	13980000	13990000	chr11	14260000	14270000	11.926693499999999
chr11	16210000	16220000	chr11	16620000	16630000	11.745151175000002
chr11	1670000	1675000	chr11	2020000	2025000	21.334568
chr11	16800000	16810000	chr11	17080000	17090000	10.219229550000001
chr11	1710000	1720000	chr11	2170000	2180000	9.63815035
chr11	1715000	1720000	chr11	1850000	1855000	44.04361
chr11	1715000	1720000	chr11	2020000	2025000	23.916557
chr11	17250000	17260000	chr11	17400000	17410000	12.815565999999999
chr11	17410000	17420000	chr11	17540000	17550000	15.5236515
chr11	17610000	17620000	chr11	18000000	18010000	7.727246849999999
chr11	17620000	17630000	chr11	17750000	17760000	14.126069375
chr11	17750000	17760000	chr11	18000000	18010000	13.959390250000002
chr11	17780000	17785000	chr11	18000000	18005000	21.806515
chr11	18560000	18570000	chr11	18750000	18760000	11.744359750000001
chr11	1870000	1880000	chr11	2170000	2180000	10.556132
chr11	19090000	19100000	chr11	19570000	19580000	15.697551999999998
chr11	19580000	19590000	chr11	19760000	19770000	22.349546750000002
chr11	19580000	19590000	chr11	19920000	19930000	12.6565645
chr11	19955000	19960000	chr11	20150000	20155000	26.662731
chr11	20150000	20155000	chr11	20630000	20635000	15.258799
chr11	20150000	20160000	chr11	20350000	20360000	9.9181855
chr11	2030000	2040000	chr11	2170000	2180000	21.08116425
chr11	2210000	2220000	chr11	2440000	2450000	20.167470750000003
chr11	2440000	2450000	chr11	2910000	2920000	13.857191999999998
chr11	2550000	2555000	chr11	2915000	2920000	28.382174
chr11	27200000	27210000	chr11	27510000	27520000	15.98711675
chr11	31410000	31420000	chr11	31890000	31900000	11.24209245
chr11	32460000	32470000	chr11	32600000	32610000	14.06935125
chr11	33185000	33190000	chr11	33345000	33350000	25.788677
chr11	33380000	33390000	chr11	33700000	33710000	13.017198
chr11	34020000	34030000	chr11	34380000	34390000	7.455634525000001
chr11	34190000	34195000	chr11	34510000	34515000	15.826946
chr11	34195000	34200000	chr11	34380000	34385000	33.02223
chr11	34605000	34610000	chr11	34910000	34915000	23.743969
chr11	34940000	34950000	chr11	35410000	35420000	13.31382975
chr11	35010000	35020000	chr11	35260000	35270000	13.5797935
chr11	35260000	35270000	chr11	35410000	35420000	14.381234250000002
chr11	35630000	35640000	chr11	35850000	35860000	10.39516175
chr11	35860000	35870000	chr11	36170000	36180000	8.9991847
chr11	36310000	36320000	chr11	36510000	36520000	16.081504250000002
chr11	36310000	36320000	chr11	36760000	36770000	5.38589625
chr11	36580000	36590000	chr11	36760000	36770000	13.53633225
chr11	3865000	3870000	chr11	4090000	4095000	24.482576
chr11	4200000	4210000	chr11	4510000	4520000	18.8923515
chr11	43900000	43910000	chr11	44060000	44070000	16.14612825
chr11	44150000	44160000	chr11	44550000	44560000	8.181687199999999
chr11	44300000	44310000	chr11	44630000	44640000	7.079935525
chr11	44305000	44310000	chr11	44560000	44565000	21.068405
chr11	44640000	44645000	chr11	44930000	44935000	25.066101
chr11	44945000	44950000	chr11	45125000	45130000	34.313328
chr11	45380000	45390000	chr11	45790000	45800000	11.24893025
chr11	46410000	46420000	chr11	46560000	46570000	13.477478
chr11	4650000	4660000	chr11	5010000	5020000	14.638366999999999
chr11	47200000	47210000	chr11	47370000	47380000	15.140188250000001
chr11	47955000	47960000	chr11	48130000	48135000	29.560335
chr11	5140000	5150000	chr11	5310000	5320000	17.8610105
chr11	5140000	5150000	chr11	5380000	5390000	13.99193225
chr11	5220000	5230000	chr11	5380000	5390000	15.18365425
chr11	5325000	5330000	chr11	5465000	5470000	18.41614
chr11	56600000	56610000	chr11	57020000	57030000	10.057285575
chr11	57110000	57120000	chr11	57410000	57420000	9.063691575
chr11	58950000	58960000	chr11	59190000	59200000	11.864339
chr11	59580000	59590000	chr11	59890000	59900000	12.623942499999998
chr11	60130000	60140000	chr11	60380000	60390000	14.079034749999998
chr11	6040000	6050000	chr11	6370000	6380000	14.34032525
chr11	61240000	61250000	chr11	61400000	61410000	16.359485250000002
chr11	61560000	61570000	chr11	61710000	61720000	14.734554875
chr11	61560000	61570000	chr11	61870000	61880000	13.1807515
chr11	61660000	61670000	chr11	61820000	61830000	20.6295645
chr11	61665000	61670000	chr11	61875000	61880000	28.062437
chr11	62670000	62680000	chr11	62980000	62990000	12.890295
chr11	62800000	62810000	chr11	62980000	62990000	18.338532625
chr11	63245000	63250000	chr11	63400000	63405000	31.51848
chr11	63600000	63610000	chr11	63920000	63930000	9.80291595
chr11	64610000	64620000	chr11	64760000	64770000	15.40802
chr11	6550000	6560000	chr11	6700000	6710000	17.258762
chr11	66170000	66180000	chr11	66440000	66450000	17.80242725
chr11	66460000	66465000	chr11	66600000	66605000	35.920082
chr11	66850000	66860000	chr11	67080000	67090000	13.2546735
chr11	67770000	67780000	chr11	67970000	67980000	13.301222500000002
chr11	68020000	68030000	chr11	68150000	68160000	15.252619500000002
chr11	69260000	69270000	chr11	69450000	69460000	12.651822825
chr11	69500000	69510000	chr11	70030000	70040000	10.7175025
chr11	70310000	70320000	chr11	70600000	70610000	9.46757525
chr11	71730000	71740000	chr11	71890000	71900000	16.80845925
chr11	71730000	71740000	chr11	72140000	72150000	10.152853125
chr11	72540000	72545000	chr11	72890000	72895000	24.834797
chr11	73110000	73120000	chr11	73370000	73380000	13.526297
chr11	73960000	73970000	chr11	74160000	74170000	13.589693749999999
chr11	74640000	74645000	chr11	74955000	74960000	21.18465
chr11	74730000	74735000	chr11	74915000	74920000	24.388182
chr11	75100000	75105000	chr11	75240000	75245000	23.017653
chr11	75600000	75610000	chr11	75860000	75870000	16.41677275
chr11	75600000	75610000	chr11	76020000	76030000	9.560340349999999
chr11	76440000	76450000	chr11	76620000	76630000	14.27711175
chr11	76900000	76910000	chr11	77250000	77260000	12.985984750000002
chr11	77480000	77490000	chr11	77710000	77720000	10.75394525
chr11	77930000	77940000	chr11	78120000	78130000	11.943281625
chr11	77930000	77940000	chr11	78270000	78280000	12.18346875
chr11	82430000	82440000	chr11	82570000	82580000	15.0931265
chr11	850000	860000	chr11	1040000	1050000	21.510181
chr11	85570000	85580000	chr11	86000000	86010000	8.58952925
chr11	85760000	85770000	chr11	85920000	85930000	16.674895000000003
chr11	86165000	86170000	chr11	86525000	86530000	15.850587
chr11	86650000	86660000	chr11	87000000	87010000	15.429185
chr11	9180000	9190000	chr11	9530000	9540000	11.061444999999999
chr11	92670000	92680000	chr11	92950000	92960000	9.31013925
chr11	92960000	92970000	chr11	93380000	93390000	12.285622075
chr11	93900000	93910000	chr11	94230000	94240000	8.556241750000002
chr11	9630000	9640000	chr11	9770000	9780000	14.0966625
chr11	46900000	46925000	chr11	47175000	47200000	18.551384032
chr11	65475000	65500000	chr11	65750000	65775000	9.6794096
chr11	118050000	118075000	chr11	118350000	118375000	8.662014324
chr11	10525000	10550000	chr11	10750000	10775000	9.791880644
chr11	72175000	72200000	chr11	72375000	72400000	9.493289816
chr11	72425000	72450000	chr11	72875000	72900000	6.637683036000001
chr11	119350000	119375000	chr11	119600000	119625000	7.329420591999999
chr11	66450000	66475000	chr11	66725000	66750000	8.150739695999999
chr11	9775000	9800000	chr11	9975000	10000000	8.823876076000001
chr11	62150000	62175000	chr11	62450000	62475000	7.644546364
chr11	94350000	94375000	chr11	94600000	94625000	8.160114924
chr11	35625000	35650000	chr11	36150000	36175000	6.521104892000002
chr11	95775000	95800000	chr11	96075000	96100000	8.170062580000002
chr11	124800000	124825000	chr11	125200000	125225000	6.188820568000001
chr11	35850000	35875000	chr11	36275000	36300000	5.909278579999999
chr11	36050000	36075000	chr11	36275000	36300000	5.842306551999999
chr11	17250000	17275000	chr11	17525000	17550000	7.502637288
chr11	116375000	116400000	chr11	116550000	116575000	8.892531008
chr11	20400000	20425000	chr11	20625000	20650000	8.028209168
chr11	44950000	44975000	chr11	45325000	45350000	6.5631370119999985
chr11	119525000	119550000	chr11	119975000	120000000	7.398028020000002
chr11	73325000	73350000	chr11	73625000	73650000	6.835686235999999
chr11	117675000	117700000	chr11	118025000	118050000	7.1239678
chr11	33850000	33875000	chr11	34150000	34175000	6.061657251999999
chr11	18250000	18275000	chr11	18750000	18775000	6.085951416
chr11	66150000	66175000	chr11	66575000	66600000	6.142154187999999
chr11	126575000	126600000	chr11	126850000	126875000	7.092557736
chr11	8225000	8250000	chr11	8575000	8600000	9.430272739999998
chr11	59575000	59600000	chr11	60000000	60025000	8.223951276000001
chr11	58400000	58425000	chr11	58650000	58675000	8.467745563999998
chr11	130300000	130325000	chr11	130500000	130525000	7.494406776
chr11	73975000	74000000	chr11	74275000	74300000	7.18528776
chr11	124275000	124300000	chr11	124700000	124725000	5.870990832
chr11	129225000	129250000	chr11	129600000	129625000	8.834959512000001
chr11	94050000	94075000	chr11	94225000	94250000	8.189822556000001
chr11	2200000	2225000	chr11	2525000	2550000	6.5568634720000025
chr11	125275000	125300000	chr11	125725000	125750000	6.58843114
chr11	19975000	20000000	chr11	20375000	20400000	4.645324132000001
chr11	32325000	32350000	chr11	32800000	32825000	7.025528944000001
chr11	68400000	68425000	chr11	68850000	68875000	7.3977147679999975
chr11	56750000	56775000	chr11	57000000	57025000	6.608363982608697
chr11	114175000	114200000	chr11	114625000	114650000	5.648729176
chr11	9525000	9550000	chr11	9750000	9775000	6.545403212
chr11	14525000	14550000	chr11	14900000	14925000	6.137950343999998
chr11	60025000	60050000	chr11	60375000	60400000	7.5455306856
chr11	73650000	73675000	chr11	74150000	74175000	4.005205824
chr11	120375000	120400000	chr11	120800000	120825000	5.38744598
chr11	67400000	67425000	chr11	67550000	67575000	13.72705008
chr11	7100000	7125000	chr11	7450000	7475000	6.75084138
chr11	14650000	14675000	chr11	14900000	14925000	7.1637835875
chr11	56600000	56625000	chr11	56875000	56900000	6.413741536000001
chr11	11825000	11850000	chr11	12275000	12300000	3.517674212
chr11	112075000	112100000	chr11	112425000	112450000	5.0612085
chr11	33850000	33875000	chr11	34375000	34400000	4.6693521816
chr11	123925000	123950000	chr11	124450000	124475000	5.2544534748
chr11	112650000	112675000	chr11	113150000	113175000	4.436011935999999
chr11	34000000	34025000	chr11	34500000	34525000	3.6248974823999998
chr11	62525000	62550000	chr11	62775000	62800000	3.730111108333333
chr11	33375000	33400000	chr11	33825000	33850000	4.3346189840000005
chr11	9625000	9650000	chr11	9975000	10000000	4.583831279166667
chr11	10800000	10825000	chr11	11275000	11300000	3.1794198504000004
chr11	130925000	130950000	chr11	131375000	131400000	5.768239333333333
chr11	32975000	33000000	chr11	33350000	33375000	4.86824592
chr11	22350000	22375000	chr11	22800000	22825000	6.044971770833333
chr11	128750000	128775000	chr11	129175000	129200000	3.646443777083333
chr12	101800000	101810000	chr12	102230000	102240000	9.065374325
chr12	104270000	104280000	chr12	104500000	104510000	10.845993625
chr12	104590000	104600000	chr12	104750000	104760000	15.68794425
chr12	106770000	106780000	chr12	107310000	107320000	10.660278499999999
chr12	107520000	107530000	chr12	107790000	107800000	10.98380375
chr12	107520000	107530000	chr12	108000000	108010000	11.96735275
chr12	108070000	108080000	chr12	108270000	108280000	13.951302
chr12	109055000	109060000	chr12	109195000	109200000	27.389862
chr12	10920000	10930000	chr12	11350000	11360000	13.826996625
chr12	109860000	109870000	chr12	110210000	110220000	10.345188
chr12	109955000	109960000	chr12	110210000	110215000	19.042704
chr12	110030000	110035000	chr12	110210000	110215000	19.300661
chr12	110900000	110910000	chr12	111040000	111050000	16.64434325
chr12	111460000	111470000	chr12	111750000	111760000	13.1765255
chr12	112630000	112640000	chr12	112820000	112830000	16.627605250000002
chr12	113485000	113490000	chr12	113610000	113615000	21.379503
chr12	113630000	113640000	chr12	113860000	113870000	10.830961625
chr12	11380000	11390000	chr12	11630000	11640000	14.61621925
chr12	113870000	113880000	chr12	114350000	114360000	8.338207775
chr12	11730000	11740000	chr12	12170000	12180000	15.68829175
chr12	117800000	117810000	chr12	118270000	118280000	14.698603624999999
chr12	121020000	121025000	chr12	121150000	121155000	21.629114
chr12	121020000	121030000	chr12	121400000	121410000	10.1304345
chr12	121495000	121500000	chr12	121670000	121675000	21.144854
chr12	121935000	121940000	chr12	122120000	122125000	21.656252
chr12	121985000	121990000	chr12	122110000	122115000	29.505035
chr12	1220000	1230000	chr12	1680000	1690000	15.405644
chr12	122135000	122140000	chr12	122325000	122330000	16.782722
chr12	12230000	12235000	chr12	12485000	12490000	26.843939
chr12	124520000	124530000	chr12	124800000	124810000	16.284290625
chr12	12530000	12540000	chr12	12850000	12860000	16.818217250000004
chr12	130530000	130540000	chr12	130810000	130820000	15.758357
chr12	13060000	13070000	chr12	13350000	13360000	10.8648975
chr12	130880000	130890000	chr12	131230000	131240000	10.311550924999999
chr12	1755000	1760000	chr12	1895000	1900000	25.970669
chr12	1760000	1770000	chr12	2040000	2050000	16.087999999999997
chr12	1900000	1905000	chr12	2045000	2050000	34.96342
chr12	22230000	22240000	chr12	22590000	22600000	14.724207375
chr12	25140000	25150000	chr12	25280000	25290000	20.152066750000003
chr12	26590000	26600000	chr12	26800000	26810000	11.343827500000002
chr12	27890000	27900000	chr12	28090000	28100000	13.129777
chr12	31550000	31555000	chr12	31790000	31795000	24.542982
chr12	3240000	3250000	chr12	3380000	3390000	19.896349
chr12	4490000	4500000	chr12	4630000	4640000	21.98797575
chr12	47420000	47430000	chr12	47780000	47790000	11.31900525
chr12	48105000	48110000	chr12	48230000	48235000	23.099142
chr12	48110000	48120000	chr12	48340000	48350000	9.8821437
chr12	48130000	48140000	chr12	48570000	48580000	4.95835205
chr12	49755000	49760000	chr12	49900000	49905000	33.957916
chr12	50260000	50270000	chr12	50440000	50450000	9.43323235
chr12	50360000	50370000	chr12	50560000	50570000	9.999252725
chr12	50360000	50370000	chr12	50700000	50710000	7.01534625
chr12	50470000	50480000	chr12	50700000	50710000	12.427711
chr12	50570000	50580000	chr12	50700000	50710000	17.629053
chr12	51220000	51230000	chr12	51380000	51390000	16.657546
chr12	5130000	5140000	chr12	5560000	5570000	9.714085200000001
chr12	52770000	52780000	chr12	53270000	53280000	9.3008786
chr12	52975000	52980000	chr12	53265000	53270000	24.17541
chr12	53450000	53460000	chr12	53680000	53690000	10.94074815
chr12	53720000	53730000	chr12	53890000	53900000	16.6619965
chr12	54380000	54385000	chr12	54590000	54595000	27.111738
chr12	54380000	54390000	chr12	54760000	54770000	7.220293975
chr12	54610000	54615000	chr12	54760000	54765000	28.013262
chr12	55140000	55150000	chr12	55460000	55470000	13.590350500000001
chr12	55150000	55160000	chr12	55350000	55360000	18.288093999999997
chr12	55590000	55600000	chr12	56020000	56030000	11.12478175
chr12	56130000	56140000	chr12	56330000	56340000	11.76225825
chr12	56130000	56140000	chr12	56420000	56430000	12.4536325
chr12	56580000	56590000	chr12	56850000	56860000	8.744203174999999
chr12	57150000	57155000	chr12	57395000	57400000	23.672024
chr12	57230000	57235000	chr12	57380000	57385000	28.193441
chr12	57400000	57405000	chr12	57570000	57575000	15.691558
chr12	57640000	57650000	chr12	57840000	57850000	16.572581
chr12	57700000	57710000	chr12	57840000	57850000	20.932460250000002
chr12	57980000	57990000	chr12	58130000	58140000	15.008813250000001
chr12	6170000	6175000	chr12	6385000	6390000	25.265402
chr12	62830000	62840000	chr12	63180000	63190000	8.780404475000001
chr12	64230000	64240000	chr12	64640000	64650000	12.6828615
chr12	64950000	64955000	chr12	65085000	65090000	23.089994
chr12	66670000	66680000	chr12	66800000	66810000	13.3032009
chr12	680000	685000	chr12	920000	925000	25.282646
chr12	680000	690000	chr12	860000	870000	19.39392725
chr12	685000	690000	chr12	1055000	1060000	15.984903
chr12	70980000	70985000	chr12	71120000	71125000	18.984133
chr12	71600000	71610000	chr12	71780000	71790000	15.635176
chr12	7370000	7375000	chr12	7610000	7615000	30.530672
chr12	7370000	7380000	chr12	7780000	7790000	12.1609195
chr12	75900000	75910000	chr12	76420000	76430000	10.281026149999999
chr12	77010000	77015000	chr12	77180000	77185000	19.679405
chr12	8010000	8015000	chr12	8145000	8150000	31.91896
chr12	89410000	89420000	chr12	89850000	89860000	15.885026499999999
chr12	92400000	92410000	chr12	92530000	92540000	10.246070249999999
chr12	92530000	92540000	chr12	92960000	92970000	7.323190575
chr12	93380000	93390000	chr12	93800000	93810000	11.2855655
chr12	93960000	93970000	chr12	94130000	94140000	15.642791249999998
chr12	94160000	94170000	chr12	94490000	94500000	9.353118625
chr12	94530000	94535000	chr12	94925000	94930000	28.82359
chr12	95500000	95510000	chr12	95720000	95730000	12.413245875
chr12	96450000	96460000	chr12	96900000	96910000	9.980836750000002
chr12	96460000	96470000	chr12	96600000	96610000	12.259596375000001
chr12	132975000	133000000	chr12	133175000	133200000	14.439937852
chr12	48350000	48375000	chr12	48550000	48575000	9.421034596
chr12	132975000	133000000	chr12	133100000	133125000	14.468460688000004
chr12	62975000	63000000	chr12	63175000	63200000	9.536225972000002
chr12	51425000	51450000	chr12	51725000	51750000	8.264271532
chr12	32900000	32925000	chr12	33050000	33075000	10.611112564
chr12	124800000	124825000	chr12	125225000	125250000	7.61694346
chr12	131400000	131425000	chr12	131600000	131625000	8.397383916
chr12	2950000	2975000	chr12	3125000	3150000	13.174076660000003
chr12	32600000	32625000	chr12	32800000	32825000	10.641950312
chr12	46725000	46750000	chr12	47050000	47075000	8.920462824
chr12	69250000	69275000	chr12	69450000	69475000	9.156014120000002
chr12	8825000	8850000	chr12	9000000	9025000	12.594778432
chr12	69675000	69700000	chr12	69950000	69975000	10.132152928
chr12	31000000	31025000	chr12	31375000	31400000	7.948116588000001
chr12	42525000	42550000	chr12	42700000	42725000	9.221990788000001
chr12	108450000	108475000	chr12	108875000	108900000	6.75130184
chr12	118600000	118625000	chr12	118800000	118825000	11.154762728000001
chr12	4200000	4225000	chr12	4375000	4400000	12.143808124000001
chr12	101800000	101825000	chr12	102150000	102175000	7.480500656
chr12	110525000	110550000	chr12	110850000	110875000	7.822714995999999
chr12	76450000	76475000	chr12	76725000	76750000	7.26335274
chr12	69775000	69800000	chr12	69950000	69975000	9.648571760000001
chr12	125700000	125725000	chr12	125875000	125900000	7.7341910920000005
chr12	123750000	123775000	chr12	124050000	124075000	7.773654328
chr12	4950000	4975000	chr12	5100000	5125000	12.94453066
chr12	117125000	117150000	chr12	117550000	117575000	6.953215863999999
chr12	51800000	51825000	chr12	52200000	52225000	6.98326374
chr12	1375000	1400000	chr12	1675000	1700000	9.965638471999997
chr12	7825000	7850000	chr12	7950000	7975000	15.430089440000001
chr12	104750000	104775000	chr12	105225000	105250000	6.857764307999998
chr12	95500000	95525000	chr12	95925000	95950000	7.810612708
chr12	51200000	51225000	chr12	51725000	51750000	5.608730864
chr12	5300000	5325000	chr12	5525000	5550000	11.212451088
chr12	14975000	15000000	chr12	15125000	15150000	11.753310080000004
chr12	52975000	53000000	chr12	53350000	53375000	5.126908136
chr12	114425000	114450000	chr12	114900000	114925000	6.606339868
chr12	13150000	13175000	chr12	13350000	13375000	9.937294419999999
chr12	77000000	77025000	chr12	77300000	77325000	7.262034028000001
chr12	96600000	96625000	chr12	96900000	96925000	7.408233079999999
chr12	32200000	32225000	chr12	32450000	32475000	7.308462944
chr12	3400000	3425000	chr12	3900000	3925000	11.249851788000003
chr12	24725000	24750000	chr12	24925000	24950000	8.350386208
chr12	109025000	109050000	chr12	109525000	109550000	4.171859216
chr12	110525000	110550000	chr12	111025000	111050000	4.154700216
chr12	55825000	55850000	chr12	56000000	56025000	8.817726916
chr12	71800000	71825000	chr12	72125000	72150000	5.816882104
chr12	8825000	8850000	chr12	9175000	9200000	10.024352655999998
chr12	55375000	55400000	chr12	55525000	55550000	9.823398848
chr12	31400000	31425000	chr12	31775000	31800000	4.959438411999998
chr12	34175000	34200000	chr12	34350000	34375000	8.477996976
chr12	123100000	123125000	chr12	123425000	123450000	4.529799031999999
chr12	8250000	8275000	chr12	8375000	8400000	13.969939096000004
chr12	25350000	25375000	chr12	25525000	25550000	9.824421440000002
chr12	77000000	77025000	chr12	77400000	77425000	5.740853351999999
chr12	2150000	2175000	chr12	2375000	2400000	8.959394392
chr12	98800000	98825000	chr12	99025000	99050000	5.625836028
chr12	65275000	65300000	chr12	65500000	65525000	6.812266188
chr12	2150000	2175000	chr12	2675000	2700000	6.7646135880000005
chr12	9950000	9975000	chr12	10275000	10300000	7.242613376
chr12	99075000	99100000	chr12	99375000	99400000	4.935356625
chr12	25125000	25150000	chr12	25525000	25550000	5.287524503999999
chr12	39300000	39325000	chr12	39475000	39500000	8.145010331999996
chr12	68425000	68450000	chr12	68700000	68725000	4.14576102
chr12	71125000	71150000	chr12	71400000	71425000	4.9282127419999995
chr12	21850000	21875000	chr12	22150000	22175000	8.080433766666665
chr12	70975000	71000000	chr12	71225000	71250000	4.53320924
chr12	3975000	4000000	chr12	4375000	4400000	6.477112591666668
chr12	100625000	100650000	chr12	100925000	100950000	5.746332670833333
chr12	40150000	40175000	chr12	40500000	40525000	5.8319286375
chr12	4450000	4475000	chr12	4850000	4875000	6.835955892
chr12	14775000	14800000	chr12	15125000	15150000	5.371664854166667
chr12	63800000	63825000	chr12	64175000	64200000	4.108846645833332
chr12	15725000	15750000	chr12	16000000	16025000	7.500776691666665
chr12	650000	675000	chr12	1175000	1200000	5.166281715789474
chr13	100090000	100100000	chr13	100260000	100270000	6.471417775
chr13	100550000	100560000	chr13	100890000	100900000	6.741221875
chr13	21060000	21070000	chr13	21490000	21500000	8.8325664
chr13	21510000	21520000	chr13	21750000	21760000	9.094384825
chr13	21870000	21880000	chr13	22040000	22050000	10.510972499999998
chr13	26750000	26760000	chr13	27060000	27070000	9.10596675
chr13	27520000	27530000	chr13	27930000	27940000	11.64592225
chr13	27950000	27960000	chr13	28400000	28410000	8.3502495
chr13	36550000	36560000	chr13	36840000	36850000	6.379713925
chr13	41650000	41660000	chr13	41790000	41800000	12.989585499999999
chr13	44490000	44500000	chr13	45030000	45040000	7.36192275
chr13	44810000	44820000	chr13	45010000	45020000	10.380376974999999
chr13	45620000	45630000	chr13	45880000	45890000	12.75826175
chr13	49870000	49880000	chr13	50180000	50190000	7.3696944
chr13	50220000	50230000	chr13	50420000	50430000	9.1007969
chr13	52010000	52020000	chr13	52370000	52380000	6.587626325
chr13	52390000	52400000	chr13	52700000	52710000	6.993459625
chr13	81095000	81100000	chr13	81465000	81470000	14.59669
chr13	95830000	95840000	chr13	96030000	96040000	11.777219749999999
chr13	99090000	99100000	chr13	99310000	99320000	8.617205425
chr13	99920000	99925000	chr13	100085000	100090000	14.508824
chr13	46725000	46750000	chr13	46850000	46875000	7.256305636
chr13	28875000	28900000	chr13	29200000	29225000	5.330016472
chr13	30075000	30100000	chr13	30275000	30300000	6.335231480000001
chr13	49150000	49175000	chr13	49325000	49350000	6.600224779999999
chr13	51700000	51725000	chr13	51850000	51875000	6.69535508
chr13	76450000	76475000	chr13	76575000	76600000	6.070199924
chr13	30700000	30725000	chr13	30900000	30925000	4.974421604166667
chr13	103225000	103250000	chr13	103475000	103500000	5.0988532384
chr13	95075000	95100000	chr13	95250000	95275000	6.1231010879999985
chr13	24575000	24600000	chr13	24775000	24800000	7.061185952
chr13	21050000	21075000	chr13	21400000	21425000	6.063979928000001
chr13	25250000	25275000	chr13	25550000	25575000	6.04551606
chr13	110875000	110900000	chr13	111050000	111075000	5.801057984
chr13	28875000	28900000	chr13	29350000	29375000	3.212350412
chr13	32000000	32025000	chr13	32300000	32325000	5.849102451999999
chr13	31800000	31825000	chr13	31975000	32000000	5.8399454639999995
chr13	46500000	46525000	chr13	46875000	46900000	3.4426211096
chr13	111100000	111125000	chr13	111450000	111475000	3.7470053304
chr13	42225000	42250000	chr13	42675000	42700000	4.7355098
chr13	53175000	53200000	chr13	53375000	53400000	5.257206052000002
chr13	30700000	30725000	chr13	31100000	31125000	3.358068352
chr13	96275000	96300000	chr13	96475000	96500000	5.285900035999999
chr13	44600000	44625000	chr13	45025000	45050000	4.371816148000001
chr13	44475000	44500000	chr13	44750000	44775000	3.748256695833334
chr13	26125000	26150000	chr13	26625000	26650000	4.1444103875
chr13	30325000	30350000	chr13	30675000	30700000	4.4730392092
chr13	20775000	20800000	chr13	21025000	21050000	3.909330488
chr13	96175000	96200000	chr13	96475000	96500000	4.782914477083334
chr13	23375000	23400000	chr13	23575000	23600000	5.60423448
chr13	28075000	28100000	chr13	28525000	28550000	3.4505033120000004
chr13	109225000	109250000	chr13	109525000	109550000	4.7803763041666665
chr13	24025000	24050000	chr13	24450000	24475000	4.0837950172
chr13	45050000	45075000	chr13	45525000	45550000	3.8008787639999992
chr13	70150000	70175000	chr13	70400000	70425000	4.589902926086957
chr13	45925000	45950000	chr13	46300000	46325000	1.4928130408333333
chr14	100870000	100880000	chr14	101110000	101120000	10.7130915
chr14	103540000	103550000	chr14	103750000	103760000	13.896621374999999
chr14	104270000	104280000	chr14	104440000	104450000	13.81587025
chr14	105670000	105680000	chr14	105820000	105830000	10.5773711
chr14	21160000	21165000	chr14	21320000	21325000	21.791431
chr14	23020000	23030000	chr14	23320000	23330000	9.159372825
chr14	30850000	30860000	chr14	30990000	31000000	9.7654347
chr14	32400000	32410000	chr14	32720000	32730000	8.5581978
chr14	34310000	34320000	chr14	34560000	34570000	9.265124825000001
chr14	35605000	35610000	chr14	35875000	35880000	22.326239
chr14	50330000	50340000	chr14	50560000	50570000	12.32620075
chr14	50790000	50800000	chr14	50990000	51000000	9.941182000000001
chr14	51000000	51010000	chr14	51240000	51250000	8.4461596
chr14	55020000	55030000	chr14	55240000	55250000	11.344309124999999
chr14	59590000	59600000	chr14	59910000	59920000	15.960125
chr14	61925000	61930000	chr14	62300000	62305000	14.162742
chr14	64810000	64820000	chr14	64950000	64960000	9.622141449999999
chr14	69370000	69380000	chr14	69580000	69590000	9.1583974
chr14	70050000	70055000	chr14	70190000	70195000	30.578978
chr14	70200000	70210000	chr14	70490000	70500000	7.257769225
chr14	70280000	70290000	chr14	70480000	70490000	10.341656075000001
chr14	71280000	71290000	chr14	71430000	71440000	9.960989
chr14	72980000	72990000	chr14	73410000	73420000	11.97327375
chr14	73210000	73220000	chr14	73360000	73370000	9.932474875
chr14	73760000	73770000	chr14	73930000	73940000	11.6796613
chr14	74580000	74590000	chr14	74710000	74720000	11.824932749999999
chr14	75070000	75080000	chr14	75250000	75260000	10.39202765
chr14	75380000	75390000	chr14	75540000	75550000	13.502281624999998
chr14	75590000	75600000	chr14	75760000	75770000	16.97904825
chr14	75780000	75790000	chr14	75950000	75960000	12.6233445
chr14	76170000	76180000	chr14	76430000	76440000	9.34427975
chr14	76510000	76520000	chr14	76850000	76860000	9.13647625
chr14	77340000	77350000	chr14	77530000	77540000	20.37928075
chr14	77375000	77380000	chr14	77520000	77525000	22.198305
chr14	80810000	80820000	chr14	81180000	81190000	7.613331175
chr14	81460000	81470000	chr14	81630000	81640000	10.050513875
chr14	81730000	81740000	chr14	81910000	81920000	10.874743
chr14	91360000	91370000	chr14	91750000	91760000	6.048636575
chr14	91365000	91370000	chr14	91640000	91645000	18.456406
chr14	93410000	93420000	chr14	93590000	93600000	11.72743675
chr14	93690000	93700000	chr14	94080000	94090000	6.149695100000001
chr14	96570000	96580000	chr14	96730000	96740000	9.56254425
chr14	96760000	96770000	chr14	96890000	96900000	13.427027249999998
chr14	97050000	97060000	chr14	97190000	97200000	8.855153
chr14	55025000	55050000	chr14	55150000	55175000	8.604882532
chr14	64625000	64650000	chr14	64750000	64775000	8.194625804
chr14	61925000	61950000	chr14	62175000	62200000	6.870834588
chr14	36700000	36725000	chr14	36825000	36850000	8.801654423999999
chr14	102525000	102550000	chr14	102775000	102800000	6.013585712000001
chr14	92100000	92125000	chr14	92350000	92375000	6.98978324
chr14	69700000	69725000	chr14	69925000	69950000	7.029741428000001
chr14	67875000	67900000	chr14	68125000	68150000	4.428353322000001
chr14	70525000	70550000	chr14	70725000	70750000	6.323767083999999
chr14	55900000	55925000	chr14	56150000	56175000	5.3105455599999996
chr14	96025000	96050000	chr14	96225000	96250000	6.256910492
chr14	25275000	25300000	chr14	25500000	25525000	6.820320723999998
chr14	68400000	68425000	chr14	68700000	68725000	5.273547091666666
chr14	96025000	96050000	chr14	96450000	96475000	6.313696860000001
chr14	89125000	89150000	chr14	89325000	89350000	7.1050045960000014
chr14	99975000	100000000	chr14	100350000	100375000	4.9478459500000005
chr14	75600000	75625000	chr14	75950000	75975000	5.534870064
chr14	37100000	37125000	chr14	37400000	37425000	5.1835988125000005
chr14	60800000	60825000	chr14	61025000	61050000	6.189940484000002
chr14	65125000	65150000	chr14	65350000	65375000	4.983907245199999
chr14	102425000	102450000	chr14	102775000	102800000	3.512778872
chr14	56325000	56350000	chr14	56800000	56825000	4.611635424
chr14	45350000	45375000	chr14	45725000	45750000	4.697073131999999
chr14	35900000	35925000	chr14	36125000	36150000	5.79964984
chr14	93150000	93175000	chr14	93350000	93375000	3.8449096519999997
chr14	75375000	75400000	chr14	75750000	75775000	3.1728129541666665
chr14	94100000	94125000	chr14	94350000	94375000	6.294798687500001
chr14	37700000	37725000	chr14	38050000	38075000	4.596797493999998
chr14	37100000	37125000	chr14	37600000	37625000	4.753327766666666
chr14	64475000	64500000	chr14	64750000	64775000	4.191704152000001
chr14	100850000	100875000	chr14	101350000	101375000	3.1241781504
chr14	70025000	70050000	chr14	70475000	70500000	3.2307373541666666
chr14	60425000	60450000	chr14	60625000	60650000	5.244973144
chr14	96550000	96575000	chr14	96900000	96925000	3.681576655999999
chr14	65875000	65900000	chr14	66050000	66075000	6.2852326791666675
chr14	25250000	25275000	chr14	25600000	25625000	5.744219708333333
chr14	35900000	35925000	chr14	36275000	36300000	4.158273966666667
chr14	50775000	50800000	chr14	51225000	51250000	3.5203231159999997
chr14	61075000	61100000	chr14	61475000	61500000	6.15936506
chr14	95150000	95175000	chr14	95650000	95675000	3.352745132000001
chr14	51750000	51775000	chr14	52225000	52250000	4.378906798749999
chr14	54850000	54875000	chr14	55250000	55275000	3.045759608
chr14	64800000	64825000	chr14	65100000	65125000	3.3695524040000002
chr14	60650000	60675000	chr14	61025000	61050000	4.334334420833334
chr14	103550000	103575000	chr14	104000000	104025000	3.973656329166667
chr14	77150000	77175000	chr14	77525000	77550000	2.5806362883333334
chr14	78900000	78925000	chr14	79150000	79175000	4.0718170166666665
chr14	58950000	58975000	chr14	59475000	59500000	3.5382910400000007
chr14	81400000	81425000	chr14	81925000	81950000	3.0983810645833327
chr14	70275000	70300000	chr14	70775000	70800000	3.575470276
chr14	66750000	66775000	chr14	66900000	66925000	8.708138266666667
chr14	50075000	50100000	chr14	50550000	50575000	2.4489296347826084
chr14	53300000	53325000	chr14	53750000	53775000	3.7541114440000003
chr14	24800000	24825000	chr14	25150000	25175000	1.8983705285000003
chr15	101170000	101180000	chr15	101410000	101420000	13.423853000000001
chr15	101170000	101180000	chr15	101540000	101550000	12.45043575
chr15	101555000	101560000	chr15	101795000	101800000	31.757795
chr15	101625000	101630000	chr15	101795000	101800000	31.776009
chr15	101830000	101835000	chr15	102180000	102185000	21.588839
chr15	31490000	31500000	chr15	31720000	31730000	14.829855
chr15	33580000	33590000	chr15	33990000	34000000	11.622595
chr15	34350000	34360000	chr15	34490000	34500000	14.494436999999998
chr15	34910000	34915000	chr15	35205000	35210000	26.564323
chr15	35360000	35370000	chr15	35730000	35740000	11.3730035
chr15	35580000	35590000	chr15	35730000	35740000	15.252687250000001
chr15	37180000	37190000	chr15	37390000	37400000	15.156788500000001
chr15	38760000	38770000	chr15	38980000	38990000	13.778404499999999
chr15	40330000	40340000	chr15	40560000	40570000	14.984397125000001
chr15	40340000	40350000	chr15	40710000	40720000	5.552561425
chr15	41200000	41205000	chr15	41475000	41480000	26.681826
chr15	41860000	41870000	chr15	42100000	42110000	11.705651324999998
chr15	42280000	42290000	chr15	42420000	42430000	15.65649825
chr15	44190000	44200000	chr15	44350000	44360000	18.53159375
chr15	45450000	45460000	chr15	45740000	45750000	13.3313805
chr15	45740000	45750000	chr15	45900000	45910000	17.42680425
chr15	50440000	50450000	chr15	50610000	50620000	17.52745075
chr15	50960000	50970000	chr15	51170000	51180000	18.0356445
chr15	51450000	51460000	chr15	51670000	51680000	14.874137000000001
chr15	51935000	51940000	chr15	52065000	52070000	26.001314
chr15	52550000	52560000	chr15	53020000	53030000	15.655599
chr15	55500000	55510000	chr15	55710000	55720000	11.6440045
chr15	57110000	57120000	chr15	57590000	57600000	7.5320943
chr15	57630000	57640000	chr15	57820000	57830000	24.14780125
chr15	57850000	57860000	chr15	58360000	58370000	6.087629574999999
chr15	58150000	58160000	chr15	58360000	58370000	10.216857075
chr15	58150000	58160000	chr15	58470000	58480000	10.27612175
chr15	59450000	59460000	chr15	59780000	59790000	15.964136250000001
chr15	60630000	60640000	chr15	60800000	60810000	15.917927625
chr15	63890000	63900000	chr15	64360000	64370000	10.138214425
chr15	64040000	64050000	chr15	64350000	64360000	18.075721
chr15	64110000	64120000	chr15	64360000	64370000	13.99217675
chr15	64490000	64500000	chr15	64640000	64650000	18.44445625
chr15	65025000	65030000	chr15	65190000	65195000	26.535732
chr15	65930000	65940000	chr15	66160000	66170000	14.217257175
chr15	66880000	66890000	chr15	67140000	67150000	12.00150225
chr15	67230000	67240000	chr15	67580000	67590000	13.320585625
chr15	68150000	68160000	chr15	68450000	68460000	15.640015
chr15	68600000	68605000	chr15	68830000	68835000	16.187576
chr15	68850000	68855000	chr15	69165000	69170000	18.005682
chr15	69020000	69025000	chr15	69165000	69170000	29.809835
chr15	69350000	69360000	chr15	69510000	69520000	19.4832605
chr15	72100000	72110000	chr15	72450000	72460000	12.750635925
chr15	73080000	73090000	chr15	73360000	73370000	14.5053665
chr15	73850000	73855000	chr15	73990000	73995000	25.10573
chr15	74240000	74250000	chr15	74610000	74620000	8.609342
chr15	74665000	74670000	chr15	74920000	74925000	23.411818
chr15	74665000	74670000	chr15	75060000	75065000	16.080378
chr15	74925000	74930000	chr15	75060000	75065000	43.32841
chr15	75060000	75065000	chr15	75245000	75250000	15.41796
chr15	75320000	75325000	chr15	75495000	75500000	44.63634
chr15	76680000	76690000	chr15	76970000	76980000	10.4374507
chr15	77480000	77490000	chr15	77780000	77790000	15.361616999999999
chr15	78255000	78260000	chr15	78400000	78405000	30.364504
chr15	78255000	78260000	chr15	78530000	78535000	20.236473
chr15	79320000	79325000	chr15	79475000	79480000	28.261068
chr15	79670000	79680000	chr15	79880000	79890000	16.111489249999998
chr15	80740000	80750000	chr15	81070000	81080000	12.564848625
chr15	81070000	81080000	chr15	81260000	81270000	11.49124425
chr15	81270000	81275000	chr15	81555000	81560000	26.653795
chr15	81395000	81400000	chr15	81555000	81560000	20.093676
chr15	83520000	83530000	chr15	83650000	83660000	15.324657499999999
chr15	83910000	83920000	chr15	84100000	84110000	16.1801795
chr15	85120000	85130000	chr15	85360000	85370000	14.707457250000001
chr15	89020000	89025000	chr15	89155000	89160000	35.384953
chr15	89190000	89200000	chr15	89370000	89380000	15.610194750000002
chr15	90290000	90300000	chr15	90610000	90620000	8.706163
chr15	90440000	90445000	chr15	90615000	90620000	22.46756
chr15	90680000	90690000	chr15	90820000	90830000	16.496056
chr15	90860000	90870000	chr15	91010000	91020000	20.4341465
chr15	91190000	91200000	chr15	91430000	91440000	14.232588250000001
chr15	91595000	91600000	chr15	91765000	91770000	31.705498
chr15	91840000	91850000	chr15	92050000	92060000	11.601278749999999
chr15	99060000	99070000	chr15	99200000	99210000	13.89913075
chr15	74400000	74425000	chr15	74600000	74625000	17.351087299999996
chr15	77400000	77425000	chr15	77775000	77800000	11.135562344
chr15	43000000	43025000	chr15	43200000	43225000	13.591471920000002
chr15	67750000	67775000	chr15	68125000	68150000	9.118697344000003
chr15	64700000	64725000	chr15	64950000	64975000	11.187780932
chr15	89425000	89450000	chr15	89725000	89750000	8.002686352000001
chr15	44875000	44900000	chr15	45025000	45050000	13.151538400000002
chr15	74925000	74950000	chr15	75225000	75250000	6.691798116000002
chr15	73575000	73600000	chr15	73975000	74000000	8.767019576000001
chr15	69350000	69375000	chr15	69675000	69700000	8.33085104
chr15	56775000	56800000	chr15	57100000	57125000	7.590788139999998
chr15	80175000	80200000	chr15	80450000	80475000	7.652848348000001
chr15	63125000	63150000	chr15	63375000	63400000	8.970254188
chr15	56525000	56550000	chr15	56700000	56725000	12.1805342
chr15	89000000	89025000	chr15	89350000	89375000	4.782736111999999
chr15	45250000	45275000	chr15	45400000	45425000	11.745739732000002
chr15	83900000	83925000	chr15	84225000	84250000	7.884131711999999
chr15	82100000	82125000	chr15	82325000	82350000	8.361851636
chr15	99800000	99825000	chr15	100250000	100275000	9.570503780000001
chr15	27300000	27325000	chr15	27600000	27625000	6.784830600000001
chr15	59250000	59275000	chr15	59775000	59800000	7.836721080000001
chr15	75975000	76000000	chr15	76200000	76225000	8.061400471999997
chr15	80725000	80750000	chr15	81250000	81275000	6.411994944000001
chr15	73600000	73625000	chr15	73825000	73850000	8.172174452000002
chr15	38275000	38300000	chr15	38675000	38700000	8.953497496
chr15	48650000	48675000	chr15	49125000	49150000	5.6817543760000015
chr15	34025000	34050000	chr15	34250000	34275000	9.89069632
chr15	60875000	60900000	chr15	61200000	61225000	8.643011560000001
chr15	71400000	71425000	chr15	71725000	71750000	6.894828799999999
chr15	49150000	49175000	chr15	49425000	49450000	7.183254392
chr15	76100000	76125000	chr15	76425000	76450000	4.549762619999999
chr15	23875000	23900000	chr15	24100000	24125000	11.085782360000001
chr15	40075000	40100000	chr15	40550000	40575000	4.010386232000001
chr15	27125000	27150000	chr15	27600000	27625000	5.921165804
chr15	98425000	98450000	chr15	98825000	98850000	5.807787039999999
chr15	73075000	73100000	chr15	73550000	73575000	6.068573816
chr15	98425000	98450000	chr15	98950000	98975000	4.463090027999999
chr15	86025000	86050000	chr15	86375000	86400000	4.003266448000001
chr15	63125000	63150000	chr15	63550000	63575000	3.806840847826087
chr15	53050000	53075000	chr15	53475000	53500000	4.8449344708333335
chr16	10345000	10350000	chr16	10605000	10610000	26.504929
chr16	10400000	10410000	chr16	10600000	10610000	22.556988
chr16	10605000	10610000	chr16	10830000	10835000	32.555557
chr16	10620000	10625000	chr16	11025000	11030000	11.490438
chr16	11060000	11065000	chr16	11350000	11355000	27.37279
chr16	11060000	11065000	chr16	11455000	11460000	25.56968
chr16	11060000	11070000	chr16	11260000	11270000	13.64692475
chr16	11490000	11500000	chr16	11900000	11910000	10.785046
chr16	11620000	11630000	chr16	11750000	11760000	19.912484375000002
chr16	12660000	12670000	chr16	12910000	12920000	20.1636405
chr16	14015000	14020000	chr16	14380000	14385000	26.241892
chr16	14400000	14405000	chr16	14620000	14625000	22.243248
chr16	15850000	15860000	chr16	16280000	16290000	17.78675175
chr16	15870000	15875000	chr16	16220000	16225000	25.910307
chr16	19100000	19110000	chr16	19380000	19390000	17.830232375
chr16	19610000	19615000	chr16	19895000	19900000	46.15457
chr16	19910000	19920000	chr16	20390000	20400000	18.4397015
chr16	20860000	20870000	chr16	21090000	21100000	22.351304
chr16	21160000	21170000	chr16	21310000	21320000	23.062551749999997
chr16	22010000	22015000	chr16	22190000	22195000	23.788301
chr16	23190000	23200000	chr16	23440000	23450000	17.3642025
chr16	23740000	23750000	chr16	24020000	24030000	13.634053250000001
chr16	24050000	24060000	chr16	24510000	24520000	12.04057975
chr16	25060000	25070000	chr16	25230000	25240000	18.668771749999998
chr16	27185000	27190000	chr16	27375000	27380000	27.92036
chr16	27240000	27250000	chr16	27380000	27390000	21.4339795
chr16	27700000	27710000	chr16	27870000	27880000	18.411609499999997
chr16	30440000	30450000	chr16	30640000	30650000	22.875362
chr16	46700000	46710000	chr16	46940000	46950000	19.99278975
chr16	4765000	4770000	chr16	5000000	5005000	30.045944
chr16	50050000	50060000	chr16	50240000	50250000	16.82330825
chr16	50705000	50710000	chr16	50840000	50845000	27.221453
chr16	55500000	55505000	chr16	55735000	55740000	31.688
chr16	55740000	55750000	chr16	55880000	55890000	22.407165
chr16	55970000	55980000	chr16	56350000	56360000	11.852023875
chr16	56610000	56615000	chr16	56735000	56740000	31.154638
chr16	57120000	57130000	chr16	57330000	57340000	8.9205959
chr16	57335000	57340000	chr16	57550000	57555000	19.337593
chr16	58365000	58370000	chr16	58525000	58530000	28.072277
chr16	58520000	58530000	chr16	58790000	58800000	10.4394545
chr16	66430000	66440000	chr16	66620000	66630000	18.875093500000002
chr16	66640000	66650000	chr16	66900000	66910000	11.14146215
chr16	66760000	66770000	chr16	66900000	66910000	16.220117000000002
chr16	67050000	67060000	chr16	67180000	67190000	25.085539500000003
chr16	67700000	67705000	chr16	67960000	67965000	19.055475
chr16	67710000	67720000	chr16	68080000	68090000	10.322604624999999
chr16	68400000	68410000	chr16	68540000	68550000	15.835253375
chr16	68920000	68930000	chr16	69150000	69160000	17.741946
chr16	69185000	69190000	chr16	69320000	69325000	31.558178
chr16	69830000	69835000	chr16	69960000	69965000	33.52293
chr16	74740000	74750000	chr16	74890000	74900000	17.76940025
chr16	75240000	75250000	chr16	75420000	75430000	19.96720725
chr16	75250000	75260000	chr16	75790000	75800000	9.296388499999999
chr16	77270000	77275000	chr16	77615000	77620000	33.404728
chr16	77700000	77710000	chr16	78000000	78010000	19.988969750000003
chr16	79790000	79800000	chr16	80110000	80120000	13.020986624999999
chr16	81390000	81400000	chr16	81750000	81760000	19.13168575
chr16	81430000	81440000	chr16	81750000	81760000	19.32299425
chr16	81970000	81980000	chr16	82260000	82270000	14.2247825
chr16	82060000	82070000	chr16	82260000	82270000	14.723495499999999
chr16	83980000	83990000	chr16	84510000	84520000	7.9304401
chr16	83990000	84000000	chr16	84210000	84220000	13.4008155
chr16	84310000	84320000	chr16	84510000	84520000	17.5775505
chr16	84540000	84550000	chr16	84750000	84760000	11.8162895
chr16	84540000	84550000	chr16	85000000	85010000	6.184467175
chr16	84785000	84790000	chr16	85000000	85005000	31.776978
chr16	85470000	85475000	chr16	85640000	85645000	23.127573
chr16	85855000	85860000	chr16	86020000	86025000	41.05456
chr16	86100000	86110000	chr16	86550000	86560000	15.0232919
chr16	86380000	86390000	chr16	86550000	86560000	13.311703000000001
chr16	86590000	86600000	chr16	87090000	87100000	17.172769000000002
chr16	8750000	8760000	chr16	8970000	8980000	16.087450750000002
chr16	87620000	87630000	chr16	87800000	87810000	12.61353475
chr16	88590000	88600000	chr16	88850000	88860000	14.1120005
chr16	88880000	88885000	chr16	89280000	89285000	22.90593
chr16	88880000	88890000	chr16	89230000	89240000	20.884552
chr16	88950000	88960000	chr16	89160000	89170000	16.6102375
chr16	23800000	23825000	chr16	24000000	24025000	13.797923159999998
chr16	85450000	85475000	chr16	85750000	85775000	8.611978984
chr16	24325000	24350000	chr16	24500000	24525000	11.077320492000002
chr16	66975000	67000000	chr16	67475000	67500000	6.6540505240000005
chr16	31475000	31500000	chr16	31700000	31725000	12.613085303999998
chr16	57775000	57800000	chr16	58025000	58050000	9.253141848
chr16	29700000	29725000	chr16	30025000	30050000	10.663585708000003
chr16	48375000	48400000	chr16	48650000	48675000	10.872441140000003
chr16	83850000	83875000	chr16	84075000	84100000	6.447293627999999
chr16	75500000	75525000	chr16	75775000	75800000	9.074906583333336
chr16	48250000	48275000	chr16	48650000	48675000	7.865096112
chr16	68000000	68025000	chr16	68250000	68275000	7.312436612
chr16	11625000	11650000	chr16	11900000	11925000	7.3801118599999995
chr16	27650000	27675000	chr16	28075000	28100000	7.088711971999999
chr16	70350000	70375000	chr16	70675000	70700000	8.467737379999999
chr16	57100000	57125000	chr16	57425000	57450000	6.240943304
chr16	81400000	81425000	chr16	81900000	81925000	5.0706568999999995
chr16	50050000	50075000	chr16	50375000	50400000	7.208482299999999
chr16	4550000	4575000	chr16	5000000	5025000	7.211213819999999
chr16	750000	775000	chr16	1100000	1125000	8.239630336
chr16	58350000	58375000	chr16	58675000	58700000	6.826445623999999
chr16	5275000	5300000	chr16	5525000	5550000	11.560381615999999
chr16	58050000	58075000	chr16	58325000	58350000	6.5786751400000005
chr16	68725000	68750000	chr16	69125000	69150000	5.9613518039999995
chr16	66425000	66450000	chr16	66875000	66900000	5.173036872
chr16	55475000	55500000	chr16	55875000	55900000	7.781688343999999
chr16	57600000	57625000	chr16	58025000	58050000	6.1735982960000015
chr16	18975000	19000000	chr16	19375000	19400000	6.348569032
chr16	58350000	58375000	chr16	58775000	58800000	5.768886575999999
chr16	25275000	25300000	chr16	25700000	25725000	6.556618359999999
chr16	74325000	74350000	chr16	74650000	74675000	5.9473120360000005
chr16	79625000	79650000	chr16	80100000	80125000	6.3486115583333325
chr16	5275000	5300000	chr16	5650000	5675000	7.374823899999999
chr16	19425000	19450000	chr16	19875000	19900000	3.6020705291666673
chr16	20425000	20450000	chr16	20600000	20625000	14.171565200000003
chr16	34375000	34400000	chr16	34725000	34750000	9.400428495238097
chr17	10200000	10210000	chr17	10520000	10530000	19.34235025
chr17	10530000	10540000	chr17	10740000	10750000	14.83775125
chr17	1270000	1280000	chr17	1410000	1420000	22.228809
chr17	15160000	15165000	chr17	15405000	15410000	28.603336
chr17	17250000	17260000	chr17	17470000	17480000	15.7806975
chr17	17255000	17260000	chr17	17545000	17550000	33.949833
chr17	19410000	19415000	chr17	19665000	19670000	32.862858
chr17	21180000	21190000	chr17	21410000	21420000	16.627346250000002
chr17	25680000	25690000	chr17	25920000	25930000	18.87519975
chr17	25780000	25790000	chr17	25920000	25930000	21.22691425
chr17	26905000	26910000	chr17	27260000	27265000	17.046068
chr17	27090000	27100000	chr17	27220000	27230000	24.86007325
chr17	27295000	27300000	chr17	27445000	27450000	26.640802
chr17	27950000	27960000	chr17	28250000	28260000	11.810409250000001
chr17	27965000	27970000	chr17	28100000	28105000	44.699192
chr17	28130000	28140000	chr17	28260000	28270000	21.12898575
chr17	28130000	28140000	chr17	28420000	28430000	11.771987750000001
chr17	28430000	28435000	chr17	28660000	28665000	31.157524
chr17	29880000	29890000	chr17	30170000	30180000	18.57859125
chr17	30800000	30810000	chr17	31070000	31080000	10.9004485
chr17	32100000	32110000	chr17	32270000	32280000	20.674510249999997
chr17	32100000	32110000	chr17	32470000	32480000	15.19776225
chr17	32525000	32530000	chr17	32685000	32690000	41.984135
chr17	32750000	32760000	chr17	33210000	33220000	9.920759
chr17	33490000	33500000	chr17	33860000	33870000	10.98663825
chr17	33640000	33645000	chr17	33860000	33865000	24.734451
chr17	33640000	33650000	chr17	34070000	34080000	9.111076125
chr17	33880000	33890000	chr17	34060000	34070000	12.68903975
chr17	34980000	34990000	chr17	35110000	35120000	17.18712325
chr17	36580000	36590000	chr17	36810000	36820000	10.886675125
chr17	36645000	36650000	chr17	36815000	36820000	23.396528
chr17	37135000	37140000	chr17	37305000	37310000	42.341335
chr17	37775000	37780000	chr17	37910000	37915000	27.585453
chr17	38520000	38525000	chr17	38690000	38695000	26.25685
chr17	38770000	38780000	chr17	38950000	38960000	16.7609265
chr17	39890000	39900000	chr17	40040000	40050000	20.23755175
chr17	39890000	39900000	chr17	40110000	40120000	15.5718875
chr17	40115000	40120000	chr17	40265000	40270000	27.03546
chr17	41590000	41600000	chr17	41750000	41760000	22.37382225
chr17	41655000	41660000	chr17	41835000	41840000	23.586687
chr17	42270000	42280000	chr17	42590000	42600000	8.23408575
chr17	42610000	42620000	chr17	42750000	42760000	19.410832
chr17	42840000	42850000	chr17	43080000	43090000	8.817761825
chr17	42980000	42990000	chr17	43180000	43190000	14.386152124999999
chr17	43290000	43300000	chr17	43460000	43470000	23.477372749999997
chr17	43720000	43730000	chr17	43900000	43910000	24.5928215
chr17	44080000	44090000	chr17	44290000	44300000	13.315074
chr17	45915000	45920000	chr17	46095000	46100000	19.346298
chr17	4630000	4640000	chr17	4780000	4790000	20.82094
chr17	46410000	46420000	chr17	46660000	46670000	23.14058625
chr17	46750000	46755000	chr17	46955000	46960000	30.801105
chr17	47640000	47650000	chr17	48070000	48080000	13.11057625
chr17	47645000	47650000	chr17	47920000	47925000	24.932217
chr17	47780000	47790000	chr17	47920000	47930000	16.7480015
chr17	47935000	47940000	chr17	48075000	48080000	51.686527
chr17	4810000	4820000	chr17	4960000	4970000	17.83484775
chr17	48170000	48180000	chr17	48360000	48370000	13.566540999999999
chr17	48560000	48570000	chr17	48690000	48700000	17.1146825
chr17	48620000	48630000	chr17	48910000	48920000	11.282506000000001
chr17	48625000	48630000	chr17	48755000	48760000	27.682495
chr17	48860000	48870000	chr17	49030000	49040000	16.097748000000003
chr17	49080000	49090000	chr17	49230000	49240000	19.78054275
chr17	53160000	53170000	chr17	53640000	53650000	5.4355595
chr17	53600000	53610000	chr17	53790000	53800000	16.880852750000003
chr17	53600000	53610000	chr17	53840000	53850000	18.792268375
chr17	55930000	55940000	chr17	56070000	56080000	24.2629675
chr17	56395000	56400000	chr17	56520000	56525000	36.228943
chr17	56660000	56670000	chr17	57080000	57090000	14.460546
chr17	56790000	56800000	chr17	57070000	57080000	19.588775249999998
chr17	57290000	57300000	chr17	57520000	57530000	12.724859875
chr17	57390000	57395000	chr17	57515000	57520000	36.470066
chr17	59500000	59510000	chr17	59630000	59640000	18.017168249999997
chr17	59710000	59720000	chr17	59910000	59920000	20.33202925
chr17	60780000	60790000	chr17	61040000	61050000	14.728281625
chr17	61500000	61505000	chr17	61685000	61690000	23.521555
chr17	61990000	62000000	chr17	62210000	62220000	21.3283385
chr17	62000000	62010000	chr17	62360000	62370000	11.741957499999998
chr17	64250000	64260000	chr17	64560000	64570000	20.039869500000002
chr17	64345000	64350000	chr17	64500000	64505000	25.771244
chr17	64710000	64715000	chr17	64900000	64905000	20.731007
chr17	6565000	6570000	chr17	6910000	6915000	20.252405
chr17	66250000	66260000	chr17	66450000	66460000	20.96103475
chr17	66770000	66775000	chr17	67235000	67240000	35.283035
chr17	66770000	66780000	chr17	66960000	66970000	16.2767205
chr17	6740000	6750000	chr17	6910000	6920000	16.772057750000002
chr17	70720000	70725000	chr17	71185000	71190000	20.587015
chr17	70720000	70725000	chr17	71245000	71250000	15.702781
chr17	72205000	72210000	chr17	72355000	72360000	23.940826
chr17	72360000	72370000	chr17	72600000	72610000	13.0846485
chr17	72780000	72790000	chr17	72940000	72950000	19.29852775
chr17	73420000	73430000	chr17	73740000	73750000	8.673012325
chr17	73610000	73620000	chr17	73740000	73750000	26.49829525
chr17	73900000	73910000	chr17	74280000	74290000	9.047832625
chr17	74000000	74010000	chr17	74280000	74290000	15.139316749999999
chr17	74115000	74120000	chr17	74275000	74280000	42.1192
chr17	74300000	74310000	chr17	74450000	74460000	19.950045250000002
chr17	74300000	74310000	chr17	74500000	74510000	13.63205375
chr17	74790000	74800000	chr17	75060000	75070000	13.444616875
chr17	75080000	75085000	chr17	75240000	75245000	36.187305
chr17	75325000	75330000	chr17	75495000	75500000	23.748734
chr17	75680000	75685000	chr17	75895000	75900000	16.106993
chr17	75760000	75770000	chr17	76010000	76020000	12.94488235
chr17	76480000	76490000	chr17	76960000	76970000	9.285081850000001
chr17	77180000	77190000	chr17	77380000	77390000	26.649424
chr17	78170000	78180000	chr17	78320000	78330000	20.568518
chr17	78400000	78410000	chr17	78540000	78550000	17.915257
chr17	80300000	80310000	chr17	80720000	80730000	9.44047425
chr17	80310000	80320000	chr17	80510000	80520000	13.567578000000001
chr17	79975000	80000000	chr17	80100000	80125000	19.369806791666665
chr17	55925000	55950000	chr17	56175000	56200000	13.000914660000001
chr17	34975000	35000000	chr17	35400000	35425000	13.551289716000001
chr17	25550000	25575000	chr17	25925000	25950000	12.507848036
chr17	58200000	58225000	chr17	58500000	58525000	11.699235527999999
chr17	4100000	4125000	chr17	4300000	4325000	18.984407360000006
chr17	66150000	66175000	chr17	66450000	66475000	11.616179632000001
chr17	26100000	26125000	chr17	26575000	26600000	8.365671235999999
chr17	29325000	29350000	chr17	29525000	29550000	15.315678948
chr17	675000	700000	chr17	875000	900000	16.500953656
chr17	63275000	63300000	chr17	63550000	63575000	8.390915088
chr17	71425000	71450000	chr17	71700000	71725000	9.485307984
chr17	1950000	1975000	chr17	2125000	2150000	16.870897172
chr17	40850000	40875000	chr17	41075000	41100000	9.232562272000001
chr17	29750000	29775000	chr17	30150000	30175000	8.751012931999998
chr17	1150000	1175000	chr17	1400000	1425000	9.704141463999997
chr17	59050000	59075000	chr17	59450000	59475000	9.864996776
chr17	36475000	36500000	chr17	36625000	36650000	13.22305832
chr17	2725000	2750000	chr17	2900000	2925000	15.663952919999996
chr17	47475000	47500000	chr17	47750000	47775000	5.865039880000001
chr17	78950000	78975000	chr17	79200000	79225000	8.049899148
chr17	45425000	45450000	chr17	45675000	45700000	11.88023424
chr17	27275000	27300000	chr17	27550000	27575000	6.180738268
chr17	1800000	1825000	chr17	2125000	2150000	9.163143048
chr17	47775000	47800000	chr17	48075000	48100000	5.076785756
chr17	66775000	66800000	chr17	67050000	67075000	8.310717987999999
chr17	40725000	40750000	chr17	41075000	41100000	6.804215191999998
chr17	42000000	42025000	chr17	42400000	42425000	4.527399388000001
chr17	48925000	48950000	chr17	49225000	49250000	6.184818388000001
chr17	58200000	58225000	chr17	58700000	58725000	8.009014025
chr17	75525000	75550000	chr17	76000000	76025000	6.2412897880000004
chr17	13225000	13250000	chr17	13500000	13525000	10.725648112000002
chr17	20025000	20050000	chr17	20200000	20225000	13.324383840000001
chr17	6800000	6825000	chr17	7025000	7050000	6.759605819999999
chr17	4450000	4475000	chr17	4775000	4800000	7.654618320000001
chr17	59700000	59725000	chr17	60175000	60200000	5.596882396000001
chr17	25550000	25575000	chr17	26075000	26100000	7.800613648000001
chr17	57800000	57825000	chr17	58100000	58125000	10.630657335294117
chr17	66250000	66275000	chr17	66750000	66775000	4.900461769565218
chr17	61500000	61525000	chr17	61925000	61950000	3.9642522695652174
chr17	1600000	1625000	chr17	1925000	1950000	6.042343276
chr17	59500000	59525000	chr17	59900000	59925000	4.678572524000001
chr17	65950000	65975000	chr17	66450000	66475000	4.963920719999998
chr17	15725000	15750000	chr17	15900000	15925000	15.445429180000001
chr18	11730000	11740000	chr18	11860000	11870000	11.4546115
chr18	12090000	12100000	chr18	12230000	12240000	13.788614874999999
chr18	12390000	12395000	chr18	12665000	12670000	20.555368
chr18	12725000	12730000	chr18	12930000	12935000	26.934893
chr18	12730000	12740000	chr18	13160000	13170000	5.340916625
chr18	13810000	13820000	chr18	14080000	14090000	11.2328511
chr18	20710000	20720000	chr18	20990000	21000000	9.344941375
chr18	2100000	2110000	chr18	2530000	2540000	10.219362125000002
chr18	21080000	21090000	chr18	21290000	21300000	6.473432474999999
chr18	29140000	29150000	chr18	29550000	29560000	6.8903833
chr18	2930000	2940000	chr18	3240000	3250000	10.67394875
chr18	32580000	32590000	chr18	32720000	32730000	11.989878999999998
chr18	3280000	3285000	chr18	3665000	3670000	14.35273
chr18	3280000	3290000	chr18	3450000	3460000	10.209459325000001
chr18	3285000	3290000	chr18	3590000	3595000	10.912506
chr18	33330000	33340000	chr18	33860000	33870000	5.2751596
chr18	33590000	33600000	chr18	33860000	33870000	8.6718759
chr18	33670000	33675000	chr18	33860000	33865000	15.972242
chr18	3450000	3455000	chr18	3665000	3670000	11.845452
chr18	43240000	43250000	chr18	43650000	43660000	8.55276375
chr18	44740000	44750000	chr18	45270000	45280000	13.333544250000001
chr18	45290000	45300000	chr18	45550000	45560000	11.30500525
chr18	45550000	45560000	chr18	45970000	45980000	7.310280874999999
chr18	46000000	46005000	chr18	46185000	46190000	21.310892
chr18	47030000	47040000	chr18	47380000	47390000	12.325901
chr18	52340000	52350000	chr18	52650000	52660000	13.296771
chr18	55620000	55630000	chr18	55780000	55790000	10.8864295
chr18	56195000	56200000	chr18	56430000	56435000	21.183384
chr18	56430000	56440000	chr18	56720000	56730000	11.807661249999999
chr18	620000	630000	chr18	840000	850000	8.07757125
chr18	6530000	6540000	chr18	6880000	6890000	9.62886175
chr18	71860000	71870000	chr18	72010000	72020000	17.931610375
chr18	72010000	72020000	chr18	72210000	72220000	12.232326875
chr18	74110000	74120000	chr18	74410000	74420000	13.222525874999999
chr18	74510000	74520000	chr18	74690000	74700000	11.27715275
chr18	77130000	77140000	chr18	77290000	77300000	12.808485625
chr18	77130000	77140000	chr18	77400000	77410000	16.84086275
chr18	8650000	8660000	chr18	8980000	8990000	10.6356015
chr18	9570000	9580000	chr18	9770000	9780000	11.74013325
chr18	11725000	11750000	chr18	12025000	12050000	8.614524712
chr18	55850000	55875000	chr18	55975000	56000000	9.063273836
chr18	67850000	67875000	chr18	68100000	68125000	10.669485416
chr18	60250000	60275000	chr18	60650000	60675000	8.086520792
chr18	29300000	29325000	chr18	29525000	29550000	5.534365344
chr18	18775000	18800000	chr18	19025000	19050000	8.084300716000001
chr18	47025000	47050000	chr18	47250000	47275000	7.435018136
chr18	43850000	43875000	chr18	44225000	44250000	4.7591381639999994
chr18	60675000	60700000	chr18	60975000	61000000	7.769589267999999
chr18	43725000	43750000	chr18	44050000	44075000	5.084983944
chr18	43725000	43750000	chr18	44225000	44250000	4.312980952
chr18	52350000	52375000	chr18	52600000	52625000	7.004836288
chr18	60375000	60400000	chr18	60600000	60625000	8.005746964000002
chr18	60775000	60800000	chr18	61100000	61125000	5.381760200000001
chr18	6900000	6925000	chr18	7150000	7175000	4.462425566666666
chr18	57125000	57150000	chr18	57475000	57500000	5.562189483999999
chr18	29725000	29750000	chr18	30100000	30125000	3.9239768360000005
chr18	60675000	60700000	chr18	61100000	61125000	5.318250868
chr18	53075000	53100000	chr18	53450000	53475000	4.852234074999999
chr18	33650000	33675000	chr18	34150000	34175000	2.76760735
chr18	59850000	59875000	chr18	60225000	60250000	3.278764616000001
chr18	61175000	61200000	chr18	61650000	61675000	3.533281216666666
chr18	57650000	57675000	chr18	58025000	58050000	4.372441736
chr19	10030000	10040000	chr19	10360000	10370000	14.79167025
chr19	10030000	10040000	chr19	10500000	10510000	9.87045825
chr19	11140000	11150000	chr19	11310000	11320000	17.744608749999998
chr19	11400000	11405000	chr19	11550000	11555000	38.825443
chr19	13380000	13390000	chr19	13700000	13710000	18.935783999999998
chr19	13710000	13720000	chr19	13970000	13980000	16.6341605
chr19	13990000	13995000	chr19	14180000	14185000	36.049995
chr19	14310000	14315000	chr19	14455000	14460000	41.879307
chr19	14680000	14690000	chr19	14890000	14900000	15.775507000000001
chr19	14980000	14990000	chr19	15260000	15270000	11.81610075
chr19	15270000	15280000	chr19	15660000	15670000	20.806824
chr19	16150000	16155000	chr19	16280000	16285000	29.742264
chr19	16355000	16360000	chr19	16490000	16495000	62.1696
chr19	17180000	17190000	chr19	17390000	17400000	14.71678575
chr19	17800000	17810000	chr19	17960000	17970000	16.899143000000002
chr19	17970000	17980000	chr19	18100000	18110000	21.23236775
chr19	18310000	18320000	chr19	18510000	18520000	15.171266999999999
chr19	18560000	18570000	chr19	18970000	18980000	15.115834750000001
chr19	18575000	18580000	chr19	18785000	18790000	26.768684
chr19	19250000	19260000	chr19	19450000	19460000	20.12457475
chr19	19475000	19480000	chr19	19600000	19605000	41.04399
chr19	19640000	19650000	chr19	20060000	20070000	11.161327125
chr19	2150000	2160000	chr19	2310000	2320000	20.645122125
chr19	2470000	2480000	chr19	2610000	2620000	36.92631900000001
chr19	2640000	2650000	chr19	2870000	2880000	21.599548999999996
chr19	28950000	28960000	chr19	29200000	29210000	20.4499555
chr19	28960000	28965000	chr19	29120000	29125000	40.448025
chr19	29220000	29230000	chr19	29360000	29370000	19.178658
chr19	2950000	2960000	chr19	3160000	3170000	22.675989249999997
chr19	30230000	30240000	chr19	30360000	30370000	20.642435
chr19	32780000	32790000	chr19	33050000	33060000	22.063077500000002
chr19	3325000	3330000	chr19	3470000	3475000	47.24008
chr19	33460000	33470000	chr19	33600000	33610000	26.2575035
chr19	33725000	33730000	chr19	33900000	33905000	34.311108
chr19	33910000	33915000	chr19	34260000	34265000	24.58712
chr19	340000	350000	chr19	480000	490000	25.674515
chr19	34270000	34275000	chr19	34585000	34590000	31.01323
chr19	35330000	35340000	chr19	35500000	35510000	21.66134775
chr19	35840000	35850000	chr19	35980000	35990000	28.85923875
chr19	36190000	36200000	chr19	36420000	36430000	16.338850125
chr19	38390000	38400000	chr19	38720000	38730000	11.4040765
chr19	38890000	38900000	chr19	39110000	39120000	12.69167475
chr19	39230000	39240000	chr19	39410000	39420000	14.421784125
chr19	39610000	39615000	chr19	39815000	39820000	35.4455
chr19	3990000	4000000	chr19	4190000	4200000	18.91472075
chr19	41160000	41170000	chr19	41640000	41650000	13.68211075
chr19	42610000	42620000	chr19	42920000	42930000	19.0248485
chr19	43950000	43960000	chr19	44150000	44160000	14.658045000000001
chr19	4560000	4570000	chr19	4790000	4800000	13.101509250000001
chr19	45680000	45690000	chr19	45840000	45850000	20.581595500000002
chr19	46310000	46320000	chr19	46510000	46520000	14.1937565
chr19	46525000	46530000	chr19	46765000	46770000	28.62667
chr19	46580000	46590000	chr19	46760000	46770000	31.519185999999998
chr19	46780000	46790000	chr19	47010000	47020000	22.60260625
chr19	47030000	47035000	chr19	47165000	47170000	27.477581
chr19	4730000	4735000	chr19	5030000	5035000	14.94697
chr19	47350000	47360000	chr19	47490000	47500000	27.744278749999996
chr19	47350000	47360000	chr19	47620000	47630000	8.93054865
chr19	47790000	47800000	chr19	48200000	48210000	11.900789625000002
chr19	47940000	47945000	chr19	48200000	48205000	45.320652
chr19	4805000	4810000	chr19	5030000	5035000	36.2266
chr19	49145000	49150000	chr19	49285000	49290000	39.184635
chr19	49295000	49300000	chr19	49470000	49475000	28.068918
chr19	50000000	50010000	chr19	50170000	50180000	20.053629
chr19	51030000	51040000	chr19	51280000	51290000	14.232329
chr19	51200000	51210000	chr19	51420000	51430000	19.179606
chr19	51430000	51440000	chr19	51590000	51600000	23.548045
chr19	51930000	51935000	chr19	52150000	52155000	27.18952
chr19	51970000	51980000	chr19	52150000	52160000	24.832749750000005
chr19	53925000	53930000	chr19	54250000	54255000	25.050167
chr19	54340000	54350000	chr19	54520000	54530000	28.9535975
chr19	56580000	56590000	chr19	56860000	56870000	15.709288749999999
chr19	5800000	5810000	chr19	6020000	6030000	16.995769375
chr19	6730000	6740000	chr19	6860000	6870000	22.230843500000002
chr19	760000	770000	chr19	920000	930000	18.595056749999998
chr19	760000	770000	chr19	980000	990000	15.44395575
chr19	9735000	9740000	chr19	9900000	9905000	44.80927
chr19	48800000	48825000	chr19	49075000	49100000	11.817917932
chr19	11975000	12000000	chr19	12250000	12275000	13.327462024
chr19	7625000	7650000	chr19	7875000	7900000	12.822205012
chr19	39000000	39025000	chr19	39400000	39425000	8.801639199999999
chr19	6625000	6650000	chr19	6850000	6875000	13.157683980000002
chr19	47250000	47275000	chr19	47475000	47500000	12.553165012
chr19	51925000	51950000	chr19	52300000	52325000	8.305600976000001
chr19	51650000	51675000	chr19	52150000	52175000	7.712989563999998
chr19	33725000	33750000	chr19	34250000	34275000	8.609377035999998
chr19	13075000	13100000	chr19	13350000	13375000	9.296851988
chr19	4250000	4275000	chr19	4500000	4525000	10.421164496000001
chr19	42600000	42625000	chr19	43025000	43050000	7.8503213759999975
chr19	49150000	49175000	chr19	49475000	49500000	7.701367683999999
chr19	39925000	39950000	chr19	40150000	40175000	9.276502416
chr19	2150000	2175000	chr19	2600000	2625000	6.465587192
chr19	49275000	49300000	chr19	49725000	49750000	5.287164167999999
chr19	29425000	29450000	chr19	29750000	29775000	10.509988779999999
chr19	30700000	30725000	chr19	31125000	31150000	8.464774644
chr19	15975000	16000000	chr19	16275000	16300000	7.797038764
chr19	11750000	11775000	chr19	12250000	12275000	6.899144219999999
chr19	19475000	19500000	chr19	19750000	19775000	4.666788632
chr19	55650000	55675000	chr19	56125000	56150000	6.4316642680000005
chr19	28450000	28475000	chr19	28800000	28825000	11.084785324
chr19	38375000	38400000	chr19	38850000	38875000	4.23504057
chr19	28925000	28950000	chr19	29350000	29375000	5.265167599999999
chr19	9425000	9450000	chr19	9900000	9925000	6.953909212000001
chr19	56025000	56050000	chr19	56300000	56325000	4.368147212
chr20	13300000	13310000	chr20	13520000	13530000	13.3914135
chr20	19180000	19190000	chr20	19640000	19650000	11.9754245
chr20	1940000	1950000	chr20	2150000	2160000	21.708093
chr20	21215000	21220000	chr20	21480000	21485000	35.9148
chr20	2190000	2200000	chr20	2330000	2340000	18.018288375
chr20	22315000	22320000	chr20	22665000	22670000	23.393171
chr20	22320000	22330000	chr20	22560000	22570000	16.7950405
chr20	23030000	23040000	chr20	23320000	23330000	10.9119855
chr20	2500000	2510000	chr20	2630000	2640000	17.767931
chr20	30740000	30750000	chr20	31240000	31250000	6.113786424999999
chr20	31105000	31110000	chr20	31235000	31240000	30.681887
chr20	31490000	31500000	chr20	31680000	31690000	15.798446499999997
chr20	31680000	31690000	chr20	31880000	31890000	14.74072825
chr20	32040000	32050000	chr20	32230000	32240000	18.83011775
chr20	32770000	32780000	chr20	33110000	33120000	9.4190105
chr20	32900000	32905000	chr20	33100000	33105000	20.936436
chr20	330000	335000	chr20	455000	460000	33.464954
chr20	33120000	33130000	chr20	33290000	33300000	18.733747
chr20	33890000	33900000	chr20	34020000	34030000	17.014692125
chr20	34580000	34585000	chr20	34720000	34725000	44.016163
chr20	34790000	34795000	chr20	35065000	35070000	23.152565
chr20	35240000	35250000	chr20	35510000	35520000	11.988053625000001
chr20	35825000	35830000	chr20	36155000	36160000	14.481367
chr20	35900000	35905000	chr20	36160000	36165000	22.119879
chr20	36190000	36200000	chr20	36520000	36530000	11.81619175
chr20	36695000	36700000	chr20	36840000	36845000	21.13332
chr20	39595000	39600000	chr20	39965000	39970000	11.828238
chr20	39800000	39805000	chr20	39965000	39970000	24.162785
chr20	4090000	4100000	chr20	4560000	4570000	6.605709174999999
chr20	4200000	4210000	chr20	4560000	4570000	11.101310999999999
chr20	42070000	42080000	chr20	42320000	42330000	11.71565575
chr20	42380000	42385000	chr20	42710000	42715000	19.950966
chr20	42840000	42845000	chr20	43085000	43090000	19.681988
chr20	42845000	42850000	chr20	43010000	43015000	24.201832
chr20	43015000	43020000	chr20	43235000	43240000	18.780424
chr20	43310000	43320000	chr20	43490000	43500000	16.461903749999998
chr20	43950000	43955000	chr20	44395000	44400000	14.397825
chr20	44220000	44230000	chr20	44390000	44400000	17.5237875
chr20	44430000	44435000	chr20	44580000	44585000	27.99174
chr20	44760000	44770000	chr20	45050000	45060000	13.085616625
chr20	45380000	45390000	chr20	45780000	45790000	12.25771125
chr20	45820000	45830000	chr20	46010000	46020000	15.1299765
chr20	47270000	47275000	chr20	47515000	47520000	28.469007
chr20	4740000	4750000	chr20	4920000	4930000	17.874279
chr20	48220000	48230000	chr20	48470000	48480000	17.17118125
chr20	48595000	48600000	chr20	48795000	48800000	20.557415
chr20	48800000	48805000	chr20	49075000	49080000	34.254547
chr20	48800000	48805000	chr20	49190000	49195000	14.899979
chr20	49610000	49615000	chr20	49935000	49940000	18.571169
chr20	49985000	49990000	chr20	50240000	50245000	25.534641
chr20	52020000	52030000	chr20	52160000	52170000	11.149856499999999
chr20	52195000	52200000	chr20	52555000	52560000	17.319777
chr20	540000	550000	chr20	710000	720000	22.267723375000003
chr20	5510000	5515000	chr20	6055000	6060000	21.534126
chr20	5520000	5530000	chr20	5770000	5780000	18.628763250000002
chr20	5550000	5560000	chr20	5760000	5770000	19.3527165
chr20	55665000	55670000	chr20	55915000	55920000	35.191616
chr20	55960000	55965000	chr20	56165000	56170000	12.205802
chr20	56810000	56820000	chr20	57010000	57020000	18.742869
chr20	57440000	57450000	chr20	57780000	57790000	16.530800499999998
chr20	58170000	58180000	chr20	58320000	58330000	23.449822
chr20	60580000	60590000	chr20	60710000	60720000	21.21663025
chr20	62330000	62340000	chr20	62490000	62500000	17.559912999999998
chr20	790000	800000	chr20	1170000	1180000	11.19934825
chr20	790000	800000	chr20	930000	940000	21.9576185
chr20	795000	800000	chr20	1090000	1095000	30.151316
chr20	9390000	9400000	chr20	9590000	9600000	12.5343365
chr20	47950000	47975000	chr20	48125000	48150000	16.38932308
chr20	44750000	44775000	chr20	44925000	44950000	13.504799659999998
chr20	5500000	5525000	chr20	5900000	5925000	10.205142923999999
chr20	45825000	45850000	chr20	46250000	46275000	8.179698248
chr20	31100000	31125000	chr20	31350000	31375000	6.23472572
chr20	33425000	33450000	chr20	33825000	33850000	6.996813819999999
chr20	57050000	57075000	chr20	57375000	57400000	7.3853121920000016
chr20	36525000	36550000	chr20	36850000	36875000	6.857614460000001
chr20	2725000	2750000	chr20	2975000	3000000	9.884688972
chr20	50250000	50275000	chr20	50675000	50700000	6.818619192
chr20	42825000	42850000	chr20	43225000	43250000	5.839282508000001
chr20	3750000	3775000	chr20	4050000	4075000	6.704881739999999
chr20	57650000	57675000	chr20	57975000	58000000	7.421536712000001
chr20	52175000	52200000	chr20	52675000	52700000	5.234926335999998
chr20	2175000	2200000	chr20	2425000	2450000	10.577637088
chr20	4725000	4750000	chr20	5075000	5100000	8.234882840000001
chr20	20825000	20850000	chr20	21000000	21025000	9.211355572
chr20	17475000	17500000	chr20	17975000	18000000	8.365568370833332
chr20	52825000	52850000	chr20	53250000	53275000	7.718418667999999
chr20	24975000	25000000	chr20	25150000	25175000	10.098934364
chr20	22700000	22725000	chr20	22950000	22975000	11.530089312000003
chr20	48575000	48600000	chr20	49075000	49100000	3.858085766400001
chr20	55650000	55675000	chr20	56150000	56175000	3.366123004
chr20	60575000	60600000	chr20	60950000	60975000	5.3287033
chr20	55650000	55675000	chr20	56050000	56075000	3.9424032587999993
chr20	4725000	4750000	chr20	5175000	5200000	6.849552235999999
chr20	19750000	19775000	chr20	19950000	19975000	8.33581058
chr20	19175000	19200000	chr20	19550000	19575000	7.5586891375
chr20	48150000	48175000	chr20	48675000	48700000	3.2131843584000013
chr20	49225000	49250000	chr20	49525000	49550000	4.1914775749999995
chr20	20825000	20850000	chr20	21175000	21200000	5.900131555999999
chr20	21025000	21050000	chr20	21475000	21500000	7.180872907999999
chr20	20050000	20075000	chr20	20525000	20550000	5.900289847999999
chr21	30450000	30460000	chr21	30740000	30750000	15.010278499999998
chr21	30530000	30540000	chr21	30740000	30750000	14.78932625
chr21	30850000	30860000	chr21	31220000	31230000	13.148771499999999
chr21	32570000	32580000	chr21	32970000	32980000	11.648729399999999
chr21	33770000	33780000	chr21	33930000	33940000	20.12547525
chr21	33770000	33780000	chr21	33970000	33980000	23.288537249999997
chr21	34020000	34030000	chr21	34190000	34200000	15.931244249999999
chr21	34205000	34210000	chr21	34565000	34570000	20.47286
chr21	34570000	34575000	chr21	34745000	34750000	27.002962
chr21	34570000	34575000	chr21	34810000	34815000	23.001596
chr21	34580000	34590000	chr21	34970000	34980000	6.5759561
chr21	35290000	35300000	chr21	35600000	35610000	13.52520025
chr21	35295000	35300000	chr21	35715000	35720000	26.58293
chr21	35730000	35740000	chr21	36000000	36010000	14.46369525
chr21	35810000	35820000	chr21	35980000	35990000	16.307381999999997
chr21	37510000	37515000	chr21	37700000	37705000	22.242859
chr21	37790000	37800000	chr21	37950000	37960000	13.9976835
chr21	39540000	39550000	chr21	39720000	39730000	15.743778500000001
chr21	39590000	39595000	chr21	39725000	39730000	27.00091
chr21	40100000	40110000	chr21	40510000	40520000	15.07709925
chr21	40890000	40900000	chr21	41080000	41090000	16.27277625
chr21	43240000	43250000	chr21	43530000	43540000	14.62945775
chr21	43570000	43580000	chr21	43860000	43870000	10.4204899
chr21	44330000	44340000	chr21	44530000	44540000	20.016208250000002
chr21	44570000	44580000	chr21	45060000	45070000	12.741824
chr21	45560000	45570000	chr21	45900000	45910000	7.200811325
chr21	45930000	45940000	chr21	46210000	46220000	14.2412635
chr21	46365000	46370000	chr21	46555000	46560000	20.102024
chr21	46560000	46570000	chr21	46860000	46870000	12.99237325
chr21	46570000	46575000	chr21	46710000	46715000	27.484861
chr21	46970000	46980000	chr21	47240000	47250000	14.97891475
chr21	47390000	47400000	chr21	47550000	47560000	19.03006425
chr21	45225000	45250000	chr21	45350000	45375000	21.49213396
chr21	46875000	46900000	chr21	47225000	47250000	7.726225064000001
chr21	36250000	36275000	chr21	36750000	36775000	6.1801240040000005
chr21	39075000	39100000	chr21	39525000	39550000	6.397134284
chr21	46700000	46725000	chr21	47225000	47250000	5.933957595999999
chr21	33150000	33175000	chr21	33600000	33625000	5.841779971999999
chr21	34825000	34850000	chr21	35250000	35275000	3.998487616
chr21	19050000	19075000	chr21	19275000	19300000	11.48586876
chr22	17395000	17400000	chr22	17535000	17540000	37.83615
chr22	17550000	17560000	chr22	17970000	17980000	15.856497749999999
chr22	18030000	18040000	chr22	18550000	18560000	10.63219825
chr22	18310000	18315000	chr22	18550000	18555000	40.65851
chr22	19280000	19285000	chr22	19615000	19620000	14.23508
chr22	19710000	19720000	chr22	20100000	20110000	9.0905835
chr22	19720000	19725000	chr22	19880000	19885000	32.166355
chr22	20145000	20150000	chr22	20275000	20280000	44.787655
chr22	20760000	20770000	chr22	21050000	21060000	12.7334065
chr22	22065000	22070000	chr22	22300000	22305000	37.954506
chr22	23150000	23155000	chr22	23285000	23290000	26.099463
chr22	23190000	23195000	chr22	23465000	23470000	17.191807
chr22	23300000	23305000	chr22	23465000	23470000	38.203934
chr22	23300000	23310000	chr22	23610000	23620000	9.955555250000002
chr22	25850000	25860000	chr22	26170000	26180000	25.620985499999996
chr22	26790000	26800000	chr22	27060000	27070000	13.923191424999999
chr22	26890000	26900000	chr22	27040000	27050000	28.788315249999997
chr22	28990000	29000000	chr22	29430000	29440000	11.396446000000001
chr22	28995000	29000000	chr22	29220000	29225000	38.509537
chr22	29250000	29260000	chr22	29430000	29440000	37.09289275
chr22	30500000	30505000	chr22	30655000	30660000	40.97769
chr22	31160000	31170000	chr22	31320000	31330000	28.837006999999996
chr22	31350000	31360000	chr22	31480000	31490000	26.73259375
chr22	32370000	32380000	chr22	32660000	32670000	21.522391749999997
chr22	32920000	32930000	chr22	33190000	33200000	30.981297
chr22	35750000	35760000	chr22	35990000	36000000	20.769631999999998
chr22	36320000	36330000	chr22	36510000	36520000	33.2831195
chr22	36690000	36695000	chr22	36860000	36865000	42.762417
chr22	37715000	37720000	chr22	37850000	37855000	59.127483
chr22	39260000	39270000	chr22	39400000	39410000	26.414465
chr22	39565000	39570000	chr22	39700000	39705000	55.425873
chr22	39935000	39940000	chr22	40430000	40435000	32.523907
chr22	41070000	41080000	chr22	41290000	41300000	21.81468675
chr22	41320000	41330000	chr22	41470000	41480000	27.30228875
chr22	41795000	41800000	chr22	41920000	41925000	59.721676
chr22	42090000	42100000	chr22	42330000	42340000	21.058547249999997
chr22	42560000	42570000	chr22	42700000	42710000	27.087035
chr22	42565000	42570000	chr22	42825000	42830000	38.42457
chr22	45660000	45670000	chr22	45830000	45840000	38.663109
chr22	45660000	45670000	chr22	45950000	45960000	23.1411965
chr22	45975000	45980000	chr22	46375000	46380000	30.998222
chr22	46040000	46050000	chr22	46370000	46380000	25.13673975
chr22	46510000	46520000	chr22	46700000	46710000	27.850855000000003
chr22	46750000	46760000	chr22	46930000	46940000	22.34225225
chr22	48020000	48025000	chr22	48230000	48235000	36.598724
chr22	50160000	50170000	chr22	50460000	50470000	21.282379
chr22	22800000	22825000	chr22	23025000	23050000	14.19914744
chr22	30200000	30225000	chr22	30375000	30400000	21.1100368
chr22	32050000	32075000	chr22	32325000	32350000	13.620496895999997
chr22	24700000	24725000	chr22	24900000	24925000	16.406796899999996
chr22	36925000	36950000	chr22	37250000	37275000	12.045029632
chr22	25850000	25875000	chr22	26075000	26100000	17.469593860000003
chr22	23950000	23975000	chr22	24175000	24200000	15.367544784
chr22	36000000	36025000	chr22	36500000	36525000	10.356443279999999
chr22	31825000	31850000	chr22	32025000	32050000	11.446084888
chr22	46400000	46425000	chr22	46700000	46725000	10.32047904
chr22	32925000	32950000	chr22	33375000	33400000	11.626839883333332
chr22	39550000	39575000	chr22	39900000	39925000	9.9786002
chr22	40900000	40925000	chr22	41275000	41300000	11.024892472
chr22	45975000	46000000	chr22	46500000	46525000	7.764793876
chr22	46500000	46525000	chr22	46925000	46950000	7.6007127584
chr22	33025000	33050000	chr22	33375000	33400000	9.675694072
chr22	38450000	38475000	chr22	38950000	38975000	8.115276004000002
chr22	30500000	30525000	chr22	30775000	30800000	8.793695048
chr22	45500000	45525000	chr22	45825000	45850000	8.435822816
chr22	32375000	32400000	chr22	32825000	32850000	7.756240565217392
chr22	46400000	46425000	chr22	46925000	46950000	4.517508364
chr22	23650000	23675000	chr22	23875000	23900000	17.228207958333332
chrX	108950000	108960000	chrX	109090000	109100000	9.281489125
chrX	109160000	109170000	chrX	109380000	109390000	5.051633475
chrX	109400000	109405000	chrX	109650000	109655000	15.76734
chrX	109695000	109700000	chrX	110090000	110095000	11.793157
chrX	11160000	11170000	chrX	11380000	11390000	7.814367949999999
chrX	11160000	11170000	chrX	11540000	11550000	6.90110855
chrX	11390000	11400000	chrX	11540000	11550000	7.325054175
chrX	11550000	11560000	chrX	11790000	11800000	10.764432000000001
chrX	117590000	117600000	chrX	117730000	117740000	11.122517
chrX	117980000	117990000	chrX	118200000	118210000	11.3113105
chrX	118650000	118660000	chrX	118860000	118870000	7.841506975
chrX	119630000	119640000	chrX	119900000	119910000	5.124319975000001
chrX	119640000	119645000	chrX	119795000	119800000	16.45215
chrX	122960000	122970000	chrX	123090000	123100000	8.671520999999998
chrX	128730000	128740000	chrX	129190000	129200000	4.423184475
chrX	129670000	129680000	chrX	130040000	130050000	6.63016805
chrX	130960000	130970000	chrX	131350000	131360000	5.35073065
chrX	133650000	133660000	chrX	133880000	133890000	9.769039074999998
chrX	135110000	135120000	chrX	135240000	135250000	10.814544000000001
chrX	13525000	13530000	chrX	14045000	14050000	9.001379
chrX	13530000	13540000	chrX	13660000	13670000	6.519236
chrX	135790000	135800000	chrX	136000000	136010000	8.933171250000001
chrX	13670000	13675000	chrX	14050000	14055000	7.806413
chrX	149940000	149950000	chrX	150160000	150170000	8.413639425
chrX	149940000	149950000	chrX	150250000	150260000	10.032869
chrX	150670000	150680000	chrX	150850000	150860000	10.288703
chrX	152800000	152805000	chrX	152930000	152935000	15.483684
chrX	15360000	15370000	chrX	15580000	15590000	5.765528424999999
chrX	23710000	23715000	chrX	23920000	23925000	18.219732
chrX	24100000	24110000	chrX	24250000	24260000	8.112316
chrX	2560000	2570000	chrX	2730000	2740000	13.548831
chrX	39960000	39970000	chrX	40120000	40130000	7.655278324999999
chrX	41410000	41420000	chrX	41610000	41620000	10.025995649999999
chrX	47050000	47060000	chrX	47230000	47240000	6.525733275
chrX	47050000	47060000	chrX	47380000	47390000	7.1591695
chrX	47690000	47700000	chrX	47880000	47890000	10.92352475
chrX	64810000	64820000	chrX	65200000	65210000	5.5430146250000005
chrX	67410000	67420000	chrX	67940000	67950000	5.264947775
chrX	68040000	68050000	chrX	68500000	68510000	6.024795675
chrX	70215000	70220000	chrX	70395000	70400000	15.4928665
chrX	73070000	73080000	chrX	73350000	73360000	6.87171425
chrX	151800000	151825000	chrX	151975000	152000000	7.934901691999999
chrX	47425000	47450000	chrX	47575000	47600000	5.8405448799999995
chrX	64950000	64975000	chrX	65200000	65225000	5.174241040000001
chrX	67725000	67750000	chrX	67925000	67950000	6.266392224
chrX	102200000	102225000	chrX	102425000	102450000	5.783031339999999
chrX	117750000	117775000	chrX	117925000	117950000	6.410083683999999
chrX	130975000	131000000	chrX	131200000	131225000	5.278396716
chrX	71500000	71525000	chrX	71750000	71775000	4.732777668000001
chrX	108725000	108750000	chrX	108850000	108875000	6.138937176000001
chrX	47925000	47950000	chrX	48350000	48375000	3.6850053280000004
chrX	67400000	67425000	chrX	67675000	67700000	5.258729756
chrX	19900000	19925000	chrX	20075000	20100000	4.833024628000001
chrX	19375000	19400000	chrX	19525000	19550000	6.317694307999999
chrX	18400000	18425000	chrX	18900000	18925000	3.5361767200000003
chrX	38600000	38625000	chrX	39000000	39025000	4.618233256
chrX	43400000	43425000	chrX	43600000	43625000	5.076163288000001
chrX	20250000	20275000	chrX	20450000	20475000	5.499086896
chrX	131350000	131375000	chrX	131725000	131750000	4.160361335999999
chrX	13525000	13550000	chrX	13750000	13775000	3.8597355440000003
chrX	106775000	106800000	chrX	107000000	107025000	3.4803889983999996
chrX	10150000	10175000	chrX	10575000	10600000	4.40420962
chrX	68025000	68050000	chrX	68425000	68450000	4.173512758
chrX	106250000	106275000	chrX	106550000	106575000	4.421810252
chrX	73075000	73100000	chrX	73225000	73250000	5.028313965600001
chrX	102775000	102800000	chrX	103050000	103075000	4.427631968
chrX	100125000	100150000	chrX	100450000	100475000	4.346500149600001
chrX	69975000	70000000	chrX	70175000	70200000	4.7225799199999985
chrX	17950000	17975000	chrX	18225000	18250000	3.8232520623999995
chrX	37775000	37800000	chrX	38025000	38050000	4.369096616666666
chrX	133650000	133675000	chrX	134025000	134050000	3.242090705199999
chrX	117575000	117600000	chrX	117925000	117950000	2.955819808333333
chrX	136025000	136050000	chrX	136275000	136300000	3.3150757760869562
chrX	30275000	30300000	chrX	30500000	30525000	5.065144104166667
chrX	11375000	11400000	chrX	11775000	11800000	2.5040699460869567
chrX	47375000	47400000	chrX	47875000	47900000	3.1271904227272724
chrX	106250000	106275000	chrX	106675000	106700000	3.1188630600000007
chrX	150325000	150350000	chrX	150650000	150675000	4.927998187999999
chrX	70200000	70225000	chrX	70575000	70600000	2.797993824
chrX	17800000	17825000	chrX	18200000	18225000	3.4511330521739136
chrX	56825000	56850000	chrX	57000000	57025000	4.1518627708333335
chrX	106900000	106925000	chrX	107300000	107325000	1.8450154925
chrX	17950000	17975000	chrX	18375000	18400000	2.3224605620000003
chrX	107450000	107475000	chrX	107775000	107800000	3.688588024
chrX	69975000	70000000	chrX	70375000	70400000	2.144224802
chrX	73075000	73100000	chrX	73550000	73575000	2.7481219112499997
chrX	12975000	13000000	chrX	13500000	13525000	2.6356355228
chrX	37425000	37450000	chrX	37675000	37700000	4.4166947864
chrX	79525000	79550000	chrX	79825000	79850000	3.9124362919999998
chrX	108725000	108750000	chrX	109125000	109150000	2.6719336833333336
chrX	103075000	103100000	chrX	103375000	103400000	2.72981331625
chrX	41125000	41150000	chrX	41600000	41625000	2.151870164
